hostname,value,timestamp,id
master,444.32788,1696249866,InSegs
master,-545.7705,1696249866,OutSegs
node_1,173.2412628,1696249866,InSegs
node_1,-231.516448,1696249866,OutSegs
node_2,202.98538,1696249866,InSegs
node_2,-282.768018,1696249866,OutSegs
node_3,43.1327576,1696249866,InSegs
node_3,-116.8598056,1696249866,OutSegs
master,154.5898514,1696249871,InSegs
master,-272.1229314,1696249871,OutSegs
node_1,52.500242,1696249871,InSegs
node_1,-119.18772,1696249871,OutSegs
node_2,27.954539,1696249871,InSegs
node_2,-108.2301776,1696249871,OutSegs
node_3,164.2673272,1696249871,InSegs
node_3,-235.740246,1696249871,OutSegs
master,222.463778,1696249876,InSegs
master,-365.611308,1696249876,OutSegs
node_2,177.259882,1696249876,InSegs
node_2,-249.601634,1696249876,OutSegs
node_1,161.899746,1696249876,InSegs
node_1,-216.61229,1696249876,OutSegs
node_3,47.6587919,1696249876,InSegs
node_3,-122.7007479,1696249876,OutSegs
master,1382.025634,1696249881,InSegs
master,-1496.160982,1696249881,OutSegs
node_2,46.5446144,1696249881,InSegs
node_2,-126.1273684,1696249881,OutSegs
node_1,68.689852,1696249881,InSegs
node_1,-134.30348,1696249881,OutSegs
node_3,151.5411564,1696249881,InSegs
node_3,-221.299204,1696249881,OutSegs
master,341.067568,1696249886,InSegs
master,-492.80272,1696249886,OutSegs
node_2,164.9105546,1696249886,InSegs
node_2,-241.055376,1696249886,OutSegs
node_1,131.3348706,1696249886,InSegs
node_1,-188.321232,1696249886,OutSegs
node_3,36.9342904,1696249886,InSegs
node_3,-110.7453584,1696249886,OutSegs
master,204.93747,1696249891,InSegs
master,-318.926898,1696249891,OutSegs
node_2,53.710176,1696249891,InSegs
node_2,-134.8550226,1696249891,OutSegs
node_1,152.5005234,1696249891,InSegs
node_1,-217.8264794,1696249891,OutSegs
node_3,175.4657266,1696249891,InSegs
node_3,-242.2546486,1696249891,OutSegs
master,436.874558,1696249896,InSegs
master,-607.14978,1696249896,OutSegs
node_2,163.4346588,1696249896,InSegs
node_2,-237.162224,1696249896,OutSegs
node_1,51.987133,1696249896,InSegs
node_1,-112.461194,1696249896,OutSegs
node_3,32.7279952,1696249896,InSegs
node_3,-106.748533,1696249896,OutSegs
master,412.956826,1696249901,InSegs
master,-549.175436,1696249901,OutSegs
node_2,118.2991152,1696249901,InSegs
node_2,-199.8269792,1696249901,OutSegs
node_1,259.322622,1696249901,InSegs
node_1,-317.410128,1696249901,OutSegs
node_3,172.672016,1696249901,InSegs
node_3,-243.651476,1696249901,OutSegs
master,1188.76426,1696249906,InSegs
master,-1348.54558,1696249906,OutSegs
node_2,103.9733318,1696249906,InSegs
node_2,-176.04547,1696249906,OutSegs
node_1,29.17616,1696249906,InSegs
node_1,-91.924966,1696249906,OutSegs
node_3,49.0456019,1696249906,InSegs
node_3,-122.9928939,1696249906,OutSegs
master,246.62611,1696249911,InSegs
master,-364.6503,1696249911,OutSegs
node_2,156.733202,1696249911,InSegs
node_2,-236.142664,1696249911,OutSegs
node_1,176.18885,1696249911,InSegs
node_1,-239.552522,1696249911,OutSegs
node_3,156.9544316,1696249911,InSegs
node_3,-227.407132,1696249911,OutSegs
master,123.010756,1696249916,InSegs
master,-232.297618,1696249916,OutSegs
node_2,59.1943404,1696249916,InSegs
node_2,-135.7849032,1696249916,OutSegs
node_1,47.014658,1696249916,InSegs
node_1,-112.23972,1696249916,OutSegs
node_3,54.0000276,1696249916,InSegs
node_3,-128.2000352,1696249916,OutSegs
master,263.762038,1696249921,InSegs
master,-409.317076,1696249921,OutSegs
node_2,195.231332,1696249921,InSegs
node_2,-273.81443,1696249921,OutSegs
node_1,154.1853454,1696249921,InSegs
node_1,-213.160292,1696249921,OutSegs
node_3,154.852604,1696249921,InSegs
node_3,-223.252622,1696249921,OutSegs
master,104.826058,1696249926,InSegs
master,-242.730562,1696249926,OutSegs
node_2,8.0411272,1696249926,InSegs
node_2,-85.8580196,1696249926,OutSegs
node_1,83.988898,1696249926,InSegs
node_1,-150.79052,1696249926,OutSegs
node_3,53.2,1696249926,InSegs
node_3,-127.59999,1696249926,OutSegs
master,262.540476,1696249931,InSegs
master,-437.618286,1696249931,OutSegs
node_1,118.7234482,1696249931,InSegs
node_1,-177.921823,1696249931,OutSegs
node_2,198.255106,1696249931,InSegs
node_2,-278.6551,1696249931,OutSegs
node_3,148.2946936,1696249931,InSegs
node_3,-217.2946958,1696249931,OutSegs
master,108.36195,1696249936,InSegs
master,-244.184242,1696249936,OutSegs
node_2,30.5121786,1696249936,InSegs
node_2,-109.9718366,1696249936,OutSegs
node_1,145.1295908,1696249936,InSegs
node_1,-208.2517488,1696249936,OutSegs
node_3,157.6043215,1696249936,InSegs
node_3,-230.4231575,1696249936,OutSegs
master,1079.2708,1696249941,InSegs
master,-1260.00622,1696249941,OutSegs
node_1,59.5580658,1696249941,InSegs
node_1,-119.0359072,1696249941,OutSegs
node_2,172.6327076,1696249941,InSegs
node_2,-250.373048,1696249941,OutSegs
node_3,48.9009868,1696249941,InSegs
node_3,-121.0821382,1696249941,OutSegs
master,712.620978,1696249946,InSegs
master,-852.514996,1696249946,OutSegs
node_2,51.71897,1696249946,InSegs
node_2,-129.11898,1696249946,OutSegs
node_1,193.273336,1696249946,InSegs
node_1,-251.985834,1696249946,OutSegs
node_3,179.927276,1696249946,InSegs
node_3,-253.660422,1696249946,OutSegs
master,536.77024,1696249951,InSegs
master,-717.24344,1696249951,OutSegs
node_2,161.2810368,1696249951,InSegs
node_2,-234.881032,1696249951,OutSegs
node_1,30.3664386,1696249951,InSegs
node_1,-94.57911,1696249951,OutSegs
node_3,29.8727351,1696249951,InSegs
node_3,-100.5395679,1696249951,OutSegs
master,1009.40778,1696249956,InSegs
master,-1173.85734,1696249956,OutSegs
node_2,55.6,1696249956,InSegs
node_2,-134.200002,1696249956,OutSegs
node_1,185.360206,1696249956,InSegs
node_1,-246.43507,1696249956,OutSegs
node_3,215.9692,1696249956,InSegs
node_3,-275.30616,1696249956,OutSegs
master,188.619422,1696249961,InSegs
master,-313.79634,1696249961,OutSegs
node_2,152.8551246,1696249961,InSegs
node_2,-229.2551374,1696249961,OutSegs
node_1,46.153276,1696249961,InSegs
node_1,-111.69088,1696249961,OutSegs
node_3,7.4543706,1696249961,InSegs
node_3,-80.0649958,1696249961,OutSegs
master,231.814818,1696249966,InSegs
master,-349.922172,1696249966,OutSegs
node_2,149.1623861,1696249966,InSegs
node_2,-228.3741001,1696249966,OutSegs
node_1,153.846709,1696249966,InSegs
node_1,-215.909104,1696249966,OutSegs
node_3,199.9764386,1696249966,InSegs
node_3,-271.228846,1696249966,OutSegs
master,157.578406,1696249971,InSegs
master,-276.040546,1696249971,OutSegs
node_2,66.5824839,1696249971,InSegs
node_2,-143.5707515,1696249971,OutSegs
node_1,99.250814,1696249971,InSegs
node_1,-165.863892,1696249971,OutSegs
node_3,53.0338431,1696249971,InSegs
node_3,-113.3918871,1696249971,OutSegs
master,237.326852,1696249976,InSegs
master,-371.286772,1696249976,OutSegs
node_1,105.0615672,1696249976,InSegs
node_1,-164.6484938,1696249976,OutSegs
node_2,181.130316,1696249976,InSegs
node_2,-259.774556,1696249976,OutSegs
node_3,177.860818,1696249976,InSegs
node_3,-250.650086,1696249976,OutSegs
master,171.510378,1696249981,InSegs
master,-284.427338,1696249981,OutSegs
node_1,149.4283784,1696249981,InSegs
node_1,-212.3603324,1696249981,OutSegs
node_2,29.0696949,1696249981,InSegs
node_2,-106.6254223,1696249981,OutSegs
node_3,51.3786191,1696249981,InSegs
node_3,-125.6312905,1696249981,OutSegs
master,299.9064,1696249986,InSegs
master,-458.90826,1696249986,OutSegs
node_2,206.958498,1696249986,InSegs
node_2,-282.941256,1696249986,OutSegs
node_1,94.059242,1696249986,InSegs
node_1,-152.327274,1696249986,OutSegs
node_3,148.926724,1696249986,InSegs
node_3,-222.1267254,1696249986,OutSegs
master,138.901018,1696249991,InSegs
master,-254.930666,1696249991,OutSegs
node_2,22.128506,1696249991,InSegs
node_2,-101.6938322,1696249991,OutSegs
node_1,197.512162,1696249991,InSegs
node_1,-256.737154,1696249991,OutSegs
node_3,52.947342,1696249991,InSegs
node_3,-127.747334,1696249991,OutSegs
master,1079.87172,1696249996,InSegs
master,-1232.00004,1696249996,OutSegs
node_1,25.4530556,1696249996,InSegs
node_1,-90.976286,1696249996,OutSegs
node_2,185.513,1696249996,InSegs
node_2,-264.56495,1696249996,OutSegs
node_3,156.8526474,1696249996,InSegs
node_3,-223.6526324,1696249996,OutSegs
master,661.462068,1696250001,InSegs
master,-771.815678,1696250001,OutSegs
node_2,47.226884,1696250001,InSegs
node_2,-125.46506,1696250001,OutSegs
node_1,181.634766,1696250001,InSegs
node_1,-240.686546,1696250001,OutSegs
node_3,160.741186,1696250001,InSegs
node_3,-220.26494,1696250001,OutSegs
master,209.114794,1696250006,InSegs
master,-344.554978,1696250006,OutSegs
node_2,174.3006834,1696250006,InSegs
node_2,-249.862488,1696250006,OutSegs
node_1,44.954596,1696250006,InSegs
node_1,-111.89224,1696250006,OutSegs
node_3,60.3535274,1696250006,InSegs
node_3,-118.0297586,1696250006,OutSegs
master,185.476546,1696250011,InSegs
master,-303.246006,1696250011,OutSegs
node_2,53.4724274,1696250011,InSegs
node_2,-134.6724214,1696250011,OutSegs
node_1,197.8454168,1696250011,InSegs
node_1,-255.907768,1696250011,OutSegs
node_3,190.2452348,1696250011,InSegs
node_3,-261.7263108,1696250011,OutSegs
master,223.900664,1696250016,InSegs
master,-361.96538,1696250016,OutSegs
node_2,159.3999946,1696250016,InSegs
node_2,-235.399994,1696250016,OutSegs
node_1,77.16269,1696250016,InSegs
node_1,-144.138554,1696250016,OutSegs
node_3,22.2600638,1696250016,InSegs
node_3,-94.7789802,1696250016,OutSegs
master,185.892244,1696250021,InSegs
master,-309.314002,1696250021,OutSegs
node_2,139.63987,1696250021,InSegs
node_2,-218.330198,1696250021,OutSegs
node_1,123.3496994,1696250021,InSegs
node_1,-184.5738534,1696250021,OutSegs
node_3,189.28418,1696250021,InSegs
node_3,-260.073668,1696250021,OutSegs
master,164.176424,1696250026,InSegs
master,-280.85578,1696250026,OutSegs
node_2,63.7601253,1696250026,InSegs
node_2,-140.0697987,1696250026,OutSegs
node_1,149.3821145,1696250026,InSegs
node_1,-212.2541025,1696250026,OutSegs
node_3,28.1122196,1696250026,InSegs
node_3,-101.9435376,1696250026,OutSegs
master,206.882818,1696250031,InSegs
master,-341.830324,1696250031,OutSegs
node_2,194.40689,1696250031,InSegs
node_2,-274.551848,1696250031,OutSegs
node_1,52.105469,1696250031,InSegs
node_1,-111.833493,1696250031,OutSegs
node_3,185.2035862,1696250031,InSegs
node_3,-257.182788,1696250031,OutSegs
master,176.780488,1696250036,InSegs
master,-306.019838,1696250036,OutSegs
node_2,12.5208,1696250036,InSegs
node_2,-90.375828,1696250036,OutSegs
node_1,186.773652,1696250036,InSegs
node_1,-247.71089,1696250036,OutSegs
node_3,41.25128,1696250036,InSegs
node_3,-114.82072,1696250036,OutSegs
master,219.387812,1696250041,InSegs
master,-350.629386,1696250041,OutSegs
node_2,202.999872,1696250041,InSegs
node_2,-280.599864,1696250041,OutSegs
node_1,27.4236448,1696250041,InSegs
node_1,-93.14708,1696250041,OutSegs
node_3,161.0960374,1696250041,InSegs
node_3,-232.526628,1696250041,OutSegs
master,154.064164,1696250046,InSegs
master,-274.070536,1696250046,OutSegs
node_2,33.1589759,1696250046,InSegs
node_2,-112.7633089,1696250046,OutSegs
node_1,179.8026908,1696250046,InSegs
node_1,-238.142052,1696250046,OutSegs
node_3,51.984219,1696250046,InSegs
node_3,-126.184209,1696250046,OutSegs
master,208.006366,1696250051,InSegs
master,-342.306978,1696250051,OutSegs
node_2,174.841023,1696250051,InSegs
node_2,-248.836696,1696250051,OutSegs
node_1,49.763932,1696250051,InSegs
node_1,-115.56394,1696250051,OutSegs
node_3,154.01591,1696250051,InSegs
node_3,-223.615912,1696250051,OutSegs
master,474.701436,1696250056,InSegs
master,-587.20028,1696250056,OutSegs
node_2,48.533924,1696250056,InSegs
node_2,-129.061564,1696250056,OutSegs
node_1,159.436054,1696250056,InSegs
node_1,-215.636076,1696250056,OutSegs
node_3,53.0525523,1696250056,InSegs
node_3,-127.4525623,1696250056,OutSegs
master,1236.69388,1696250061,InSegs
master,-1370.96476,1696250061,OutSegs
node_2,152.938513,1696250061,InSegs
node_2,-225.210916,1696250061,OutSegs
node_1,114.420072,1696250061,InSegs
node_1,-175.678782,1696250061,OutSegs
node_3,148.0000098,1696250061,InSegs
node_3,-218.600011,1696250061,OutSegs
master,131.065484,1696250066,InSegs
master,-246.200888,1696250066,OutSegs
node_1,86.2922879,1696250066,InSegs
node_1,-144.6335727,1696250066,OutSegs
node_2,76.832262,1696250066,InSegs
node_2,-158.49329,1696250066,OutSegs
node_3,159.21138,1696250066,InSegs
node_3,-234.548814,1696250066,OutSegs
master,233.064942,1696250071,InSegs
master,-366.48898,1696250071,OutSegs
node_2,139.3677464,1696250071,InSegs
node_2,-214.706697,1696250071,OutSegs
node_1,180.7690122,1696250071,InSegs
node_1,-241.8814722,1696250071,OutSegs
node_3,51.5886122,1696250071,InSegs
node_3,-124.0511772,1696250071,OutSegs
master,130.238236,1696250076,InSegs
master,-241.561498,1696250076,OutSegs
node_2,163.24691,1696250076,InSegs
node_2,-239.75461,1696250076,OutSegs
node_1,15.51862,1696250076,InSegs
node_1,-79.606162,1696250076,OutSegs
node_3,202.677942,1696250076,InSegs
node_3,-273.477914,1696250076,OutSegs
master,259.651158,1696250081,InSegs
master,-425.555132,1696250081,OutSegs
node_1,194.312346,1696250081,InSegs
node_1,-255.312362,1696250081,OutSegs
node_2,52.6806413,1696250081,InSegs
node_2,-126.5729665,1696250081,OutSegs
node_3,12.2694012,1696250081,InSegs
node_3,-84.069408,1696250081,OutSegs
master,190.80391,1696250086,InSegs
master,-319.491244,1696250086,OutSegs
node_2,214.639226,1696250086,InSegs
node_2,-273.622256,1696250086,OutSegs
node_1,42.5912284,1696250086,InSegs
node_1,-91.7655824,1696250086,OutSegs
node_3,204.242714,1696250086,InSegs
node_3,-273.884886,1696250086,OutSegs
master,177.290026,1696250091,InSegs
master,-312.993486,1696250091,OutSegs
node_2,24.2724678,1696250091,InSegs
node_2,-103.6378192,1696250091,OutSegs
node_1,169.2088088,1696250091,InSegs
node_1,-228.234438,1696250091,OutSegs
node_3,24.6316379,1696250091,InSegs
node_3,-98.4114537,1696250091,OutSegs
master,197.3808246,1696250096,InSegs
master,-327.5434128,1696250096,OutSegs
node_2,192.488316,1696250096,InSegs
node_2,-267.739922,1696250096,OutSegs
node_1,48.9384404,1696250096,InSegs
node_1,-115.8259204,1696250096,OutSegs
node_3,181.8729378,1696250096,InSegs
node_3,-251.850936,1696250096,OutSegs
master,168.589302,1696250101,InSegs
master,-285.073354,1696250101,OutSegs
node_2,37.5932272,1696250101,InSegs
node_2,-115.7272912,1696250101,OutSegs
node_1,150.8615516,1696250101,InSegs
node_1,-212.374058,1696250101,OutSegs
node_3,34.6245993,1696250101,InSegs
node_3,-107.6984493,1696250101,OutSegs
master,227.201944,1696250106,InSegs
master,-361.171654,1696250106,OutSegs
node_2,176.6792004,1696250106,InSegs
node_2,-253.745106,1696250106,OutSegs
node_1,120.6053224,1696250106,InSegs
node_1,-183.7534304,1696250106,OutSegs
node_3,167.880773,1696250106,InSegs
node_3,-237.406902,1696250106,OutSegs
master,149.17718,1696250111,InSegs
master,-265.301118,1696250111,OutSegs
node_1,85.7946842,1696250111,InSegs
node_1,-146.046554,1696250111,OutSegs
node_2,49.84515,1696250111,InSegs
node_2,-131.17294,1696250111,OutSegs
node_3,50.529096,1696250111,InSegs
node_3,-125.42436,1696250111,OutSegs
master,245.814828,1696250116,InSegs
master,-383.656506,1696250116,OutSegs
node_2,160.1548452,1696250116,InSegs
node_2,-233.427068,1696250116,OutSegs
node_1,183.4599517,1696250116,InSegs
node_1,-242.6112577,1696250116,OutSegs
node_3,165.6182768,1696250116,InSegs
node_3,-234.923012,1696250116,OutSegs
master,1504.82312,1696250121,InSegs
master,-1619.50402,1696250121,OutSegs
node_1,15.8277041,1696250121,InSegs
node_1,-78.6763647,1696250121,OutSegs
node_2,63.54957,1696250121,InSegs
node_2,-144.17239,1696250121,OutSegs
node_3,52.8526379,1696250121,InSegs
node_3,-127.6526459,1696250121,OutSegs
master,235.69002,1696250126,InSegs
master,-388.533486,1696250126,OutSegs
node_2,138.7780088,1696250126,InSegs
node_2,-212.7552214,1696250126,OutSegs
node_1,193.31238,1696250126,InSegs
node_1,-257.112362,1696250126,OutSegs
node_3,152.3473434,1696250126,InSegs
node_3,-220.3473288,1696250126,OutSegs
master,118.942222,1696250131,InSegs
master,-213.417766,1696250131,OutSegs
node_2,153.1777597,1696250131,InSegs
node_2,-231.4451257,1696250131,OutSegs
node_1,25.6397056,1696250131,InSegs
node_1,-89.675766,1696250131,OutSegs
node_3,152.2606561,1696250131,InSegs
node_3,-222.4982057,1696250131,OutSegs
master,261.781184,1696250136,InSegs
master,-424.2398,1696250136,OutSegs
node_2,67.0946566,1696250136,InSegs
node_2,-144.0272836,1696250136,OutSegs
node_1,171.447922,1696250136,InSegs
node_1,-230.21189,1696250136,OutSegs
node_3,54.592004,1696250136,InSegs
node_3,-125.754456,1696250136,OutSegs
master,92.058618,1696250141,InSegs
master,-175.1816432,1696250141,OutSegs
node_2,203.26824,1696250141,InSegs
node_2,-282.68526,1696250141,OutSegs
node_1,48.72581,1696250141,InSegs
node_1,-113.83832,1696250141,OutSegs
node_3,197.242234,1696250141,InSegs
node_3,-269.232336,1696250141,OutSegs
master,283.234354,1696250146,InSegs
master,-443.65276,1696250146,OutSegs
node_2,11.5317616,1696250146,InSegs
node_2,-88.714754,1696250146,OutSegs
node_1,152.674192,1696250146,InSegs
node_1,-213.561668,1696250146,OutSegs
node_3,17.557774,1696250146,InSegs
node_3,-88.56767,1696250146,OutSegs
master,209.62583,1696250151,InSegs
master,-327.935094,1696250151,OutSegs
node_1,110.45929,1696250151,InSegs
node_1,-171.879008,1696250151,OutSegs
node_2,216.846042,1696250151,InSegs
node_2,-291.428958,1696250151,OutSegs
node_3,203.0744206,1696250151,InSegs
node_3,-274.2113782,1696250151,OutSegs
master,157.527706,1696250156,InSegs
master,-290.0184,1696250156,OutSegs
node_2,30.6217936,1696250156,InSegs
node_2,-109.4971752,1696250156,OutSegs
node_1,88.8530678,1696250156,InSegs
node_1,-147.233348,1696250156,OutSegs
node_3,7.9487732,1696250156,InSegs
node_3,-80.359359,1696250156,OutSegs
master,236.047474,1696250161,InSegs
master,-359.732642,1696250161,OutSegs
node_2,184.132172,1696250161,InSegs
node_2,-259.673878,1696250161,OutSegs
node_1,209.5571965,1696250161,InSegs
node_1,-268.5331365,1696250161,OutSegs
node_3,192.176836,1696250161,InSegs
node_3,-266.429248,1696250161,OutSegs
master,151.66974,1696250166,InSegs
master,-286.049202,1696250166,OutSegs
node_2,49.14168,1696250166,InSegs
node_2,-129.19716,1696250166,OutSegs
node_1,34.53046,1696250166,InSegs
node_1,-96.154486,1696250166,OutSegs
node_3,33.18469,1696250166,InSegs
node_3,-106.90016,1696250166,OutSegs
master,298.354448,1696250171,InSegs
master,-440.929108,1696250171,OutSegs
node_2,155.7858834,1696250171,InSegs
node_2,-235.330392,1696250171,OutSegs
node_1,193.847294,1696250171,InSegs
node_1,-256.984386,1696250171,OutSegs
node_3,170.1626424,1696250171,InSegs
node_3,-243.2471868,1696250171,OutSegs
master,80.581664,1696250176,InSegs
master,-180.78266,1696250176,OutSegs
node_2,53.8724386,1696250176,InSegs
node_2,-134.4724286,1696250176,OutSegs
node_1,25.7050464,1696250176,InSegs
node_1,-91.2040216,1696250176,OutSegs
node_3,40.7995249,1696250176,InSegs
node_3,-114.9158769,1696250176,OutSegs
master,1650.19492,1696250181,InSegs
master,-1810.25544,1696250181,OutSegs
node_2,154.6000098,1696250181,InSegs
node_2,-225.200014,1696250181,OutSegs
node_1,182.047654,1696250181,InSegs
node_1,-238.611588,1696250181,OutSegs
node_3,169.0531424,1696250181,InSegs
node_3,-239.736802,1696250181,OutSegs
master,57.037378,1696250186,InSegs
master,-145.465674,1696250186,OutSegs
node_2,153.224254,1696250186,InSegs
node_2,-231.3301,1696250186,OutSegs
node_1,46.8774394,1696250186,InSegs
node_1,-111.7027694,1696250186,OutSegs
node_3,49.1546991,1696250186,InSegs
node_3,-124.2493411,1696250186,OutSegs
master,334.484082,1696250191,InSegs
master,-500.15482,1696250191,OutSegs
node_2,68.3757418,1696250191,InSegs
node_2,-146.0699172,1696250191,OutSegs
node_1,169.122562,1696250191,InSegs
node_1,-226.497226,1696250191,OutSegs
node_3,156.04531,1696250191,InSegs
node_3,-226.750652,1696250191,OutSegs
master,87.4262262,1696250196,InSegs
master,-156.4356982,1696250196,OutSegs
node_2,186.43751,1696250196,InSegs
node_2,-265.41145,1696250196,OutSegs
node_1,80.6129196,1696250196,InSegs
node_1,-149.0767496,1696250196,OutSegs
node_3,53.033212,1696250196,InSegs
node_3,-127.48562,1696250196,OutSegs
master,287.747622,1696250201,InSegs
master,-456.93812,1696250201,OutSegs
node_1,125.8994396,1696250201,InSegs
node_1,-184.835612,1696250201,OutSegs
node_2,25.0175865,1696250201,InSegs
node_2,-101.1712297,1696250201,OutSegs
node_3,156.861471,1696250201,InSegs
node_3,-226.55642,1696250201,OutSegs
master,176.226104,1696250206,InSegs
master,-260.669434,1696250206,OutSegs
node_2,205.80114,1696250206,InSegs
node_2,-285.056618,1696250206,OutSegs
node_1,167.4994555,1696250206,InSegs
node_1,-235.2026095,1696250206,OutSegs
node_3,53.5053033,1696250206,InSegs
node_3,-127.9579613,1696250206,OutSegs
master,215.236442,1696250211,InSegs
master,-356.79308,1696250211,OutSegs
node_2,30.2234856,1696250211,InSegs
node_2,-110.299618,1696250211,OutSegs
node_1,33.900544,1696250211,InSegs
node_1,-96.7974066,1696250211,OutSegs
node_3,150.947353,1696250211,InSegs
node_3,-224.747342,1696250211,OutSegs
master,205.5143182,1696250216,InSegs
master,-329.8872322,1696250216,OutSegs
node_2,182.047834,1696250216,InSegs
node_2,-259.788664,1696250216,OutSegs
node_1,187.16281,1696250216,InSegs
node_1,-249.212848,1696250216,OutSegs
node_3,149.0407324,1696250216,InSegs
node_3,-221.2278284,1696250216,OutSegs
master,141.214774,1696250221,InSegs
master,-265.64182,1696250221,OutSegs
node_2,46.9840703,1696250221,InSegs
node_2,-127.2944543,1696250221,OutSegs
node_1,24.9124322,1696250221,InSegs
node_1,-88.898114,1696250221,OutSegs
node_3,51.9591754,1696250221,InSegs
node_3,-122.572094,1696250221,OutSegs
master,241.875674,1696250226,InSegs
master,-374.758418,1696250226,OutSegs
node_2,159.81594,1696250226,InSegs
node_2,-232.905564,1696250226,OutSegs
node_1,184.524722,1696250226,InSegs
node_1,-244.689016,1696250226,OutSegs
node_3,164.0953344,1696250226,InSegs
node_3,-234.1550844,1696250226,OutSegs
master,133.700496,1696250231,InSegs
master,-249.257796,1696250231,OutSegs
node_2,54.9999951,1696250231,InSegs
node_2,-135.1999831,1696250231,OutSegs
node_1,45.3470324,1696250231,InSegs
node_1,-111.5719684,1696250231,OutSegs
node_3,52.704767,1696250231,InSegs
node_3,-123.8449958,1696250231,OutSegs
master,230.205976,1696250236,InSegs
master,-368.16598,1696250236,OutSegs
node_2,154.8724322,1696250236,InSegs
node_2,-228.0724234,1696250236,OutSegs
node_1,151.5406372,1696250236,InSegs
node_1,-208.915718,1696250236,OutSegs
node_3,191.660775,1696250236,InSegs
node_3,-264.2187678,1696250236,OutSegs
master,1499.891792,1696250241,InSegs
master,-1610.99082,1696250241,OutSegs
node_2,132.017636,1696250241,InSegs
node_2,-211.74524,1696250241,OutSegs
node_1,54,1696250241,InSegs
node_1,-119.800016,1696250241,OutSegs
node_3,9.1918517,1696250241,InSegs
node_3,-81.0338797,1696250241,OutSegs
master,254.822354,1696250246,InSegs
master,-414.463916,1696250246,OutSegs
node_2,89.8374989,1696250246,InSegs
node_2,-163.8374411,1696250246,OutSegs
node_1,149.9123444,1696250246,InSegs
node_1,-209.112352,1696250246,OutSegs
node_3,204.76888,1696250246,InSegs
node_3,-275.5584,1696250246,OutSegs
master,132.47453,1696250251,InSegs
master,-226.99877,1696250251,OutSegs
node_2,146.6610176,1696250251,InSegs
node_2,-224.2530715,1696250251,OutSegs
node_1,139.8255556,1696250251,InSegs
node_1,-204.5338656,1696250251,OutSegs
node_3,7.8311208,1696250251,InSegs
node_3,-79.2416104,1696250251,OutSegs
master,261.846262,1696250256,InSegs
master,-405.25391,1696250256,OutSegs
node_2,89.6838728,1696250256,InSegs
node_2,-141.1642446,1696250256,OutSegs
node_1,92.462098,1696250256,InSegs
node_1,-131.353816,1696250256,OutSegs
node_3,204.54735,1696250256,InSegs
node_3,-274.200002,1696250256,OutSegs
master,169.62158,1696250261,InSegs
master,-295.043528,1696250261,OutSegs
node_2,207.33006,1696250261,InSegs
node_2,-284.185342,1696250261,OutSegs
node_1,198.211522,1696250261,InSegs
node_1,-258.748918,1696250261,OutSegs
node_3,32.8535851,1696250261,InSegs
node_3,-106.16942,1696250261,OutSegs
master,218.785912,1696250266,InSegs
master,-347.556284,1696250266,OutSegs
node_2,23.869922,1696250266,InSegs
node_2,-87.214674,1696250266,OutSegs
node_1,33.3111328,1696250266,InSegs
node_1,-86.4976118,1696250266,OutSegs
node_3,170.3990562,1696250266,InSegs
node_3,-239.8305776,1696250266,OutSegs
master,203.288534,1696250271,InSegs
master,-330.17335,1696250271,OutSegs
node_2,219.127572,1696250271,InSegs
node_2,-281.52758,1696250271,OutSegs
node_1,196.389692,1696250271,InSegs
node_1,-244.465822,1696250271,OutSegs
node_3,40.71171,1696250271,InSegs
node_3,-114.88154,1696250271,OutSegs
master,145.458996,1696250276,InSegs
master,-268.250992,1696250276,OutSegs
node_2,52.682847,1696250276,InSegs
node_2,-112.486969,1696250276,OutSegs
node_1,60.3448971,1696250276,InSegs
node_1,-109.6574691,1696250276,OutSegs
node_3,169.5828814,1696250276,InSegs
node_3,-238.413042,1696250276,OutSegs
master,257.1507,1696250281,InSegs
master,-395.315112,1696250281,OutSegs
node_2,200.389586,1696250281,InSegs
node_2,-252.185454,1696250281,OutSegs
node_1,178.142746,1696250281,InSegs
node_1,-215.030174,1696250281,OutSegs
node_3,52.637424,1696250281,InSegs
node_3,-126.637416,1696250281,OutSegs
master,133.107778,1696250286,InSegs
master,-244.08821,1696250286,OutSegs
node_2,51.728822,1696250286,InSegs
node_2,-131.92882,1696250286,OutSegs
node_1,90.300912,1696250286,InSegs
node_1,-158.614778,1696250286,OutSegs
node_3,141.8679542,1696250286,InSegs
node_3,-210.267936,1696250286,OutSegs
master,244.222512,1696250291,InSegs
master,-393.20089,1696250291,OutSegs
node_2,166.1987644,1696250291,InSegs
node_2,-238.198766,1696250291,OutSegs
node_1,150.4114316,1696250291,InSegs
node_1,-202.4975772,1696250291,OutSegs
node_3,71.68948,1696250291,InSegs
node_3,-146.921356,1696250291,OutSegs
master,917.961634,1696250296,InSegs
master,-1011.408,1696250296,OutSegs
node_2,57.2724286,1696250296,InSegs
node_2,-134.6724226,1696250296,OutSegs
node_1,190.0133761,1696250296,InSegs
node_1,-252.3156841,1696250296,OutSegs
node_3,133.3105072,1696250296,InSegs
node_3,-202.878643,1696250296,OutSegs
master,805.36103,1696250301,InSegs
master,-944.18524,1696250301,OutSegs
node_2,146.7999872,1696250301,InSegs
node_2,-224.1999784,1696250301,OutSegs
node_1,26.8742778,1696250301,InSegs
node_1,-88.371972,1696250301,OutSegs
node_3,162.680702,1696250301,InSegs
node_3,-233.582474,1696250301,OutSegs
master,199.240362,1696250306,InSegs
master,-329.95808,1696250306,OutSegs
node_2,132.874026,1696250306,InSegs
node_2,-212.156504,1696250306,OutSegs
node_1,190.824736,1696250306,InSegs
node_1,-254.02471,1696250306,OutSegs
node_3,53.666594,1696250306,InSegs
node_3,-125.5648364,1696250306,OutSegs
master,157.042702,1696250311,InSegs
master,-282.9896,1696250311,OutSegs
node_2,79.3259709,1696250311,InSegs
node_2,-153.8435045,1696250311,OutSegs
node_1,27.6635044,1696250311,InSegs
node_1,-91.6367266,1696250311,OutSegs
node_3,178.2638149,1696250311,InSegs
node_3,-252.0215589,1696250311,OutSegs
master,214.725138,1696250316,InSegs
master,-352.07869,1696250316,OutSegs
node_2,139.667506,1696250316,InSegs
node_2,-215.16411,1696250316,OutSegs
node_1,181.4241064,1696250316,InSegs
node_1,-243.250872,1696250316,OutSegs
node_3,17.1888835,1696250316,InSegs
node_3,-88.631132,1696250316,OutSegs
master,158.65256,1696250321,InSegs
master,-291.229034,1696250321,OutSegs
node_2,61.460051,1696250321,InSegs
node_2,-136.56345,1696250321,OutSegs
node_1,48.6746816,1696250321,InSegs
node_1,-113.8996756,1696250321,OutSegs
node_3,207.6218398,1696250321,InSegs
node_3,-275.5587998,1696250321,OutSegs
master,227.286742,1696250326,InSegs
master,-340.356756,1696250326,OutSegs
node_2,53.6724414,1696250326,InSegs
node_2,-134.2724334,1696250326,OutSegs
node_1,184.2129822,1696250326,InSegs
node_1,-240.587966,1696250326,OutSegs
node_3,28.2232434,1696250326,InSegs
node_3,-102.2540772,1696250326,OutSegs
master,196.269638,1696250331,InSegs
master,-325.035338,1696250331,OutSegs
node_2,164.5999962,1696250331,InSegs
node_2,-239.999996,1696250331,OutSegs
node_1,110.270564,1696250331,InSegs
node_1,-174.506704,1696250331,OutSegs
node_3,176.7549328,1696250331,InSegs
node_3,-248.98711,1696250331,OutSegs
master,137.367098,1696250336,InSegs
master,-253.666026,1696250336,OutSegs
node_1,84.6417615,1696250336,InSegs
node_1,-144.4056339,1696250336,OutSegs
node_2,53.8554722,1696250336,InSegs
node_2,-134.583218,1696250336,OutSegs
node_3,40.0862685,1696250336,InSegs
node_3,-113.9008985,1696250336,OutSegs
master,232.270018,1696250341,InSegs
master,-366.999362,1696250341,OutSegs
node_2,162.5445396,1696250341,InSegs
node_2,-232.616794,1696250341,OutSegs
node_1,189.1771507,1696250341,InSegs
node_1,-248.5519467,1696250341,OutSegs
node_3,161.3137126,1696250341,InSegs
node_3,-233.299104,1696250341,OutSegs
master,129.577206,1696250346,InSegs
master,-245.605582,1696250346,OutSegs
node_2,55.2,1696250346,InSegs
node_2,-134.400012,1696250346,OutSegs
node_1,19.9105119,1696250346,InSegs
node_1,-80.7357385,1696250346,OutSegs
node_3,50.5695987,1696250346,InSegs
node_3,-125.1695927,1696250346,OutSegs
master,251.347618,1696250351,InSegs
master,-400.508764,1696250351,OutSegs
node_2,149.127599,1696250351,InSegs
node_2,-226.927584,1696250351,OutSegs
node_1,190.824972,1696250351,InSegs
node_1,-252.11249,1696250351,OutSegs
node_3,160.3777206,1696250351,InSegs
node_3,-230.9777344,1696250351,OutSegs
master,364.271778,1696250356,InSegs
master,-459.79933,1696250356,OutSegs
node_2,127.712809,1696250356,InSegs
node_2,-208.758537,1696250356,OutSegs
node_1,26.5060172,1696250356,InSegs
node_1,-91.880566,1696250356,OutSegs
node_3,52.8831357,1696250356,InSegs
node_3,-127.5359317,1696250356,OutSegs
master,1362.475366,1696250361,InSegs
master,-1517.75822,1696250361,OutSegs
node_2,91.1596184,1696250361,InSegs
node_2,-169.7138612,1696250361,OutSegs
node_1,170.0690168,1696250361,InSegs
node_1,-232.406932,1696250361,OutSegs
node_3,149.969534,1696250361,InSegs
node_3,-218.516736,1696250361,OutSegs
master,73.6719838,1696250366,InSegs
master,-142.8659776,1696250366,OutSegs
node_2,140.195358,1696250366,InSegs
node_2,-219.318644,1696250366,OutSegs
node_1,49.424856,1696250366,InSegs
node_1,-115.53736,1696250366,OutSegs
node_3,53.1473275,1696250366,InSegs
node_3,-127.9473315,1696250366,OutSegs
master,284.607916,1696250371,InSegs
master,-451.62002,1696250371,OutSegs
node_2,66.204638,1696250371,InSegs
node_2,-143.68136,1696250371,OutSegs
node_1,157.375136,1696250371,InSegs
node_1,-215.262638,1696250371,OutSegs
node_3,147.852683,1696250371,InSegs
node_3,-214.6526636,1696250371,OutSegs
master,81.4931596,1696250376,InSegs
master,-168.2044396,1696250376,OutSegs
node_2,190.62216,1696250376,InSegs
node_2,-269.7116,1696250376,OutSegs
node_1,108.3012027,1696250376,InSegs
node_1,-174.7383247,1696250376,OutSegs
node_3,159.976374,1696250376,InSegs
node_3,-230.487868,1696250376,OutSegs
master,256.355638,1696250381,InSegs
master,-426.24434,1696250381,OutSegs
node_2,18.033266,1696250381,InSegs
node_2,-94.471536,1696250381,OutSegs
node_1,85.2111694,1696250381,InSegs
node_1,-147.374068,1696250381,OutSegs
node_3,50.718205,1696250381,InSegs
node_3,-122.554012,1696250381,OutSegs
master,140.552054,1696250386,InSegs
master,-206.662812,1696250386,OutSegs
node_2,144.127382,1696250386,InSegs
node_2,-220.861552,1696250386,OutSegs
node_1,195.7557051,1696250386,InSegs
node_1,-245.5075751,1696250386,OutSegs
node_3,200.7563122,1696250386,InSegs
node_3,-270.7036784,1696250386,OutSegs
master,245.488162,1696250391,InSegs
master,-422.577424,1696250391,OutSegs
node_2,67.0171962,1696250391,InSegs
node_2,-143.555336,1696250391,OutSegs
node_1,22.131922,1696250391,InSegs
node_1,-84.580052,1696250391,OutSegs
node_3,7.3491108,1696250391,InSegs
node_3,-79.2544282,1696250391,OutSegs
master,179.0335542,1696250396,InSegs
master,-297.1249122,1696250396,OutSegs
node_2,195.75404,1696250396,InSegs
node_2,-275.91626,1696250396,OutSegs
node_1,189.71235,1696250396,InSegs
node_1,-251.712354,1696250396,OutSegs
node_3,200.220154,1696250396,InSegs
node_3,-272.314846,1696250396,OutSegs
master,167.730016,1696250401,InSegs
master,-299.638656,1696250401,OutSegs
node_2,17.3735124,1696250401,InSegs
node_2,-94.011296,1696250401,OutSegs
node_1,27.1544777,1696250401,InSegs
node_1,-91.6790681,1696250401,OutSegs
node_3,28.6886658,1696250401,InSegs
node_3,-101.9211098,1696250401,OutSegs
master,263.614832,1696250406,InSegs
master,-411.624296,1696250406,OutSegs
node_2,223.284758,1696250406,InSegs
node_2,-278.467718,1696250406,OutSegs
node_1,199.93318,1696250406,InSegs
node_1,-239.208582,1696250406,OutSegs
node_3,183.891176,1696250406,InSegs
node_3,-256.364062,1696250406,OutSegs
master,84.039552,1696250411,InSegs
master,-190.294754,1696250411,OutSegs
node_2,8.3153896,1696250411,InSegs
node_2,-85.7324538,1696250411,OutSegs
node_1,49.226298,1696250411,InSegs
node_1,-115.93882,1696250411,OutSegs
node_3,39.3006664,1696250411,InSegs
node_3,-113.86038,1696250411,OutSegs
master,306.87462,1696250416,InSegs
master,-463.31877,1696250416,OutSegs
node_2,204.472284,1696250416,InSegs
node_2,-281.272282,1696250416,OutSegs
node_1,161.3737072,1696250416,InSegs
node_1,-218.06117,1696250416,OutSegs
node_3,163.099338,1696250416,InSegs
node_3,-233.539636,1696250416,OutSegs
master,1448.33261,1696250421,InSegs
master,-1545.11068,1696250421,OutSegs
node_2,28.679439,1696250421,InSegs
node_2,-106.610951,1696250421,OutSegs
node_1,109.634686,1696250421,InSegs
node_1,-173.957614,1696250421,OutSegs
node_3,50.4339409,1696250421,InSegs
node_3,-125.1815649,1696250421,OutSegs
master,283.971546,1696250426,InSegs
master,-433.17972,1696250426,OutSegs
node_1,82.8776689,1696250426,InSegs
node_1,-143.1547185,1696250426,OutSegs
node_2,173.048132,1696250426,InSegs
node_2,-248.316598,1696250426,OutSegs
node_3,155.0607568,1696250426,InSegs
node_3,-221.713126,1696250426,OutSegs
master,71.515688,1696250431,InSegs
master,-160.125404,1696250431,OutSegs
node_2,38.1883225,1696250431,InSegs
node_2,-116.5194565,1696250431,OutSegs
node_1,177.4985192,1696250431,InSegs
node_1,-237.7625172,1696250431,OutSegs
node_3,53.1052908,1696250431,InSegs
node_3,-127.7052968,1696250431,OutSegs
master,274.211658,1696250436,InSegs
master,-438.17742,1696250436,OutSegs
node_2,174.4841092,1696250436,InSegs
node_2,-251.55297,1696250436,OutSegs
node_1,19.389136,1696250436,InSegs
node_1,-82.125122,1696250436,OutSegs
node_3,147.5999966,1696250436,InSegs
node_3,-220.3999954,1696250436,OutSegs
master,114.483864,1696250441,InSegs
master,-215.239332,1696250441,OutSegs
node_2,51.492444,1696250441,InSegs
node_2,-131.3479,1696250441,OutSegs
node_1,184.424762,1696250441,InSegs
node_1,-248.22477,1696250441,OutSegs
node_3,153.1539203,1696250441,InSegs
node_3,-227.4161143,1696250441,OutSegs
master,231.367782,1696250446,InSegs
master,-377.74166,1696250446,OutSegs
node_2,157.0351052,1696250446,InSegs
node_2,-233.37965,1696250446,OutSegs
node_1,28.2032945,1696250446,InSegs
node_1,-92.2643405,1696250446,OutSegs
node_3,61.2460824,1696250446,InSegs
node_3,-131.783882,1696250446,OutSegs
master,141.7076162,1696250451,InSegs
master,-255.0711888,1696250451,OutSegs
node_2,55.6724432,1696250451,InSegs
node_2,-134.2724292,1696250451,OutSegs
node_1,173.37192,1696250451,InSegs
node_1,-232.510894,1696250451,OutSegs
node_3,180.7851138,1696250451,InSegs
node_3,-255.2345578,1696250451,OutSegs
master,208.951006,1696250456,InSegs
master,-347.58744,1696250456,OutSegs
node_2,158.3275868,1696250456,InSegs
node_2,-234.127584,1696250456,OutSegs
node_1,48.188356,1696250456,InSegs
node_1,-113.41338,1696250456,OutSegs
node_3,28.3622272,1696250456,InSegs
node_3,-99.9127722,1696250456,OutSegs
master,214.927526,1696250461,InSegs
master,-339.01594,1696250461,OutSegs
node_2,62.8044608,1696250461,InSegs
node_2,-144.3714708,1696250461,OutSegs
node_1,147.611634,1696250461,InSegs
node_1,-207.586608,1696250461,OutSegs
node_3,195.724206,1696250461,InSegs
node_3,-269.913386,1696250461,OutSegs
master,142.172574,1696250466,InSegs
master,-266.73068,1696250466,OutSegs
node_2,141.467958,1696250466,InSegs
node_2,-214.10095,1696250466,OutSegs
node_1,114.104208,1696250466,InSegs
node_1,-179.378436,1696250466,OutSegs
node_3,7.8040013,1696250466,InSegs
node_3,-79.7623731,1696250466,OutSegs
master,210.131554,1696250471,InSegs
master,-345.061434,1696250471,OutSegs
node_1,87.6081005,1696250471,InSegs
node_1,-147.5338661,1696250471,OutSegs
node_2,147.05505,1696250471,InSegs
node_2,-225.044632,1696250471,OutSegs
node_3,203.219104,1696250471,InSegs
node_3,-276.818866,1696250471,OutSegs
master,158.89758,1696250476,InSegs
master,-275.121148,1696250476,OutSegs
node_2,66.3449545,1696250476,InSegs
node_2,-141.1553957,1696250476,OutSegs
node_1,177.3906197,1696250476,InSegs
node_1,-239.2162997,1696250476,OutSegs
node_3,33.4391737,1696250476,InSegs
node_3,-107.0601001,1696250476,OutSegs
master,1544.08386,1696250481,InSegs
master,-1680.62532,1696250481,OutSegs
node_2,162.68005,1696250481,InSegs
node_2,-243.57417,1696250481,OutSegs
node_1,20.897084,1696250481,InSegs
node_1,-84.071382,1696250481,OutSegs
node_3,167.066179,1696250481,InSegs
node_3,-238.69795,1696250481,OutSegs
master,158.476208,1696250486,InSegs
master,-289.857342,1696250486,OutSegs
node_2,40.4474974,1696250486,InSegs
node_2,-116.5533976,1696250486,OutSegs
node_1,190.824716,1696250486,InSegs
node_1,-256.024708,1696250486,OutSegs
node_3,47.45569,1696250486,InSegs
node_3,-121.84528,1696250486,OutSegs
master,207.038256,1696250491,InSegs
master,-337.037512,1696250491,OutSegs
node_2,196.773686,1696250491,InSegs
node_2,-273.611826,1696250491,OutSegs
node_1,25.9505409,1696250491,InSegs
node_1,-91.6361169,1696250491,OutSegs
node_3,162.9442952,1696250491,InSegs
node_3,-234.354742,1696250491,OutSegs
master,168.20132,1696250496,InSegs
master,-289.84355,1696250496,OutSegs
node_2,8.5763751,1696250496,InSegs
node_2,-87.2659869,1696250496,OutSegs
node_1,177.4247492,1696250496,InSegs
node_1,-237.7392,1696250496,OutSegs
node_3,53.4000036,1696250496,InSegs
node_3,-127.6000062,1696250496,OutSegs
master,197.124222,1696250501,InSegs
master,-327.644618,1696250501,OutSegs
node_2,199.44993,1696250501,InSegs
node_2,-279.92219,1696250501,OutSegs
node_1,48.543148,1696250501,InSegs
node_1,-115.74314,1696250501,OutSegs
node_3,160.9473334,1696250501,InSegs
node_3,-225.547328,1696250501,OutSegs
master,246.785462,1696250506,InSegs
master,-369.2304,1696250506,OutSegs
node_2,33.6277046,1696250506,InSegs
node_2,-112.1451246,1696250506,OutSegs
node_1,147.0568446,1696250506,InSegs
node_1,-203.65685,1696250506,OutSegs
node_3,70.6669276,1696250506,InSegs
node_3,-146.9427176,1696250506,OutSegs
master,241.408242,1696250511,InSegs
master,-375.178194,1696250511,OutSegs
node_2,169.6447506,1696250511,InSegs
node_2,-242.92731,1696250511,OutSegs
node_1,111.197742,1696250511,InSegs
node_1,-176.559752,1696250511,OutSegs
node_3,144.185738,1696250511,InSegs
node_3,-213.5099366,1696250511,OutSegs
master,167.223492,1696250516,InSegs
master,-276.124282,1696250516,OutSegs
node_2,49.82641,1696250516,InSegs
node_2,-129.62642,1696250516,OutSegs
node_1,87.1146285,1696250516,InSegs
node_1,-148.7526345,1696250516,OutSegs
node_3,153.574076,1696250516,InSegs
node_3,-225.570696,1696250516,OutSegs
master,991.60628,1696250521,InSegs
master,-1122.47086,1696250521,OutSegs
node_2,160.1735972,1696250521,InSegs
node_2,-236.17359,1696250521,OutSegs
node_1,186.3520341,1696250521,InSegs
node_1,-249.8407301,1696250521,OutSegs
node_3,54.6259382,1696250521,InSegs
node_3,-125.8293008,1696250521,OutSegs
master,147.80836,1696250526,InSegs
master,-261.824254,1696250526,OutSegs
node_2,54.2,1696250526,InSegs
node_2,-133.999998,1696250526,OutSegs
node_1,17.1356,1696250526,InSegs
node_1,-80.046906,1696250526,OutSegs
node_3,196.91583,1696250526,InSegs
node_3,-269.8210738,1696250526,OutSegs
master,281.5329,1696250531,InSegs
master,-436.69834,1696250531,OutSegs
node_2,150.127548,1696250531,InSegs
node_2,-226.3275664,1696250531,OutSegs
node_1,191.312334,1696250531,InSegs
node_1,-252.912304,1696250531,OutSegs
node_3,8.4317321,1696250531,InSegs
node_3,-80.1264727,1696250531,OutSegs
master,332.736398,1696250536,InSegs
master,-443.52868,1696250536,OutSegs
node_2,151.1604943,1696250536,InSegs
node_2,-228.7505123,1696250536,OutSegs
node_1,27.219971,1696250536,InSegs
node_1,-91.7696554,1696250536,OutSegs
node_3,213.947256,1696250536,InSegs
node_3,-289.39986,1696250536,OutSegs
master,1057.388754,1696250541,InSegs
master,-1209.49798,1696250541,OutSegs
node_1,180.7800404,1696250541,InSegs
node_1,-244.230384,1696250541,OutSegs
node_2,67.6395482,1696250541,InSegs
node_2,-142.8494942,1696250541,OutSegs
node_3,32.6130982,1696250541,InSegs
node_3,-106.0238471,1696250541,OutSegs
master,140.039384,1696250546,InSegs
master,-244.621246,1696250546,OutSegs
node_2,205.4810001,1696250546,InSegs
node_2,-280.8810001,1696250546,OutSegs
node_1,51.2227246,1696250546,InSegs
node_1,-115.4227286,1696250546,OutSegs
node_3,181.4394466,1696250546,InSegs
node_3,-257.9761046,1696250546,OutSegs
master,198.623538,1696250551,InSegs
master,-346.2296,1696250551,OutSegs
node_2,11.5914092,1696250551,InSegs
node_2,-87.9914086,1696250551,OutSegs
node_1,153.9772804,1696250551,InSegs
node_1,-212.977278,1696250551,OutSegs
node_3,48.6051875,1696250551,InSegs
node_3,-122.6998075,1696250551,OutSegs
master,213.016874,1696250556,InSegs
master,-347.77617,1696250556,OutSegs
node_2,206.00001,1696250556,InSegs
node_2,-282.999994,1696250556,OutSegs
node_1,119.0108697,1696250556,InSegs
node_1,-183.4533237,1696250556,OutSegs
node_3,163.0474894,1696250556,InSegs
node_3,-232.152856,1696250556,OutSegs
master,158.894324,1696250561,InSegs
master,-296.71078,1696250561,OutSegs
node_2,28.252612,1696250561,InSegs
node_2,-107.4559,1696250561,OutSegs
node_1,83.1891188,1696250561,InSegs
node_1,-143.746646,1696250561,OutSegs
node_3,53.6946728,1696250561,InSegs
node_3,-128.09469,1696250561,OutSegs
master,401.9103,1696250566,InSegs
master,-537.96152,1696250566,OutSegs
node_2,194.947384,1696250566,InSegs
node_2,-269.544096,1696250566,OutSegs
node_1,176.5130431,1696250566,InSegs
node_1,-235.4991711,1696250566,OutSegs
node_3,145.1053352,1696250566,InSegs
node_3,-212.3053094,1696250566,OutSegs
master,247.979728,1696250571,InSegs
master,-387.146742,1696250571,OutSegs
node_2,45.792524,1696250571,InSegs
node_2,-125.79252,1696250571,OutSegs
node_1,24.7745965,1696250571,InSegs
node_1,-86.588478,1696250571,OutSegs
node_3,121.845676,1696250571,InSegs
node_3,-196.7933,1696250571,OutSegs
master,761.15598,1696250576,InSegs
master,-930.434612,1696250576,OutSegs
node_1,219.485248,1696250576,InSegs
node_1,-283.935028,1696250576,OutSegs
node_2,162.262574,1696250576,InSegs
node_2,-235.862568,1696250576,OutSegs
node_3,82.9016436,1696250576,InSegs
node_3,-153.1540024,1696250576,OutSegs
master,1200.405394,1696250581,InSegs
master,-1309.30842,1696250581,OutSegs
node_1,26.7017914,1696250581,InSegs
node_1,-91.175306,1696250581,OutSegs
node_2,56.3449,1696250581,InSegs
node_2,-134.944894,1696250581,OutSegs
node_3,150.971627,1696250581,InSegs
node_3,-224.740357,1696250581,OutSegs
master,314.316054,1696250586,InSegs
master,-472.61686,1696250586,OutSegs
node_2,239.999992,1696250586,InSegs
node_2,-310.999992,1696250586,OutSegs
node_1,174.812982,1696250586,InSegs
node_1,-235.089634,1696250586,OutSegs
node_3,45.8810428,1696250586,InSegs
node_3,-117.7123266,1696250586,OutSegs
master,96.544866,1696250591,InSegs
master,-191.501324,1696250591,OutSegs
node_1,46.517788,1696250591,InSegs
node_1,-111.25544,1696250591,OutSegs
node_2,128.69795,1696250591,InSegs
node_2,-208.458846,1696250591,OutSegs
node_3,198.4974,1696250591,InSegs
node_3,-272.30778,1696250591,OutSegs
master,1030.20454,1696250596,InSegs
master,-1173.23616,1696250596,OutSegs
node_2,76.1020474,1696250596,InSegs
node_2,-151.9411638,1696250596,OutSegs
node_1,156.4822142,1696250596,InSegs
node_1,-215.344536,1696250596,OutSegs
node_3,8.502604,1696250596,InSegs
node_3,-80.092224,1696250596,OutSegs
master,684.491134,1696250601,InSegs
master,-800.012594,1696250601,OutSegs
node_2,185.946902,1696250601,InSegs
node_2,-265.202164,1696250601,OutSegs
node_1,101.652632,1696250601,InSegs
node_1,-168.902892,1696250601,OutSegs
node_3,192.6000094,1696250601,InSegs
node_3,-266.79999,1696250601,OutSegs
master,183.711324,1696250606,InSegs
master,-331.58984,1696250606,OutSegs
node_2,10.9807747,1696250606,InSegs
node_2,-88.5255215,1696250606,OutSegs
node_1,89.7720853,1696250606,InSegs
node_1,-149.521824,1696250606,OutSegs
node_3,41.227074,1696250606,InSegs
node_3,-113.83798,1696250606,OutSegs
master,199.735574,1696250611,InSegs
master,-330.804808,1696250611,OutSegs
node_2,199.309798,1696250611,InSegs
node_2,-279.037318,1696250611,OutSegs
node_1,173.2361082,1696250611,InSegs
node_1,-238.4371662,1696250611,OutSegs
node_3,158.972913,1696250611,InSegs
node_3,-227.962022,1696250611,OutSegs
master,183.819102,1696250616,InSegs
master,-304.067136,1696250616,OutSegs
node_2,29.157882,1696250616,InSegs
node_2,-107.706926,1696250616,OutSegs
node_1,24.7391836,1696250616,InSegs
node_1,-85.738128,1696250616,OutSegs
node_3,51.513548,1696250616,InSegs
node_3,-125.56602,1696250616,OutSegs
master,304.692748,1696250621,InSegs
master,-449.548788,1696250621,OutSegs
node_2,183.932168,1696250621,InSegs
node_2,-262.85559,1696250621,OutSegs
node_1,188.71235,1696250621,InSegs
node_1,-251.712342,1696250621,OutSegs
node_3,158.6338212,1696250621,InSegs
node_3,-228.5813358,1696250621,OutSegs
master,560.331142,1696250626,InSegs
master,-700.024832,1696250626,OutSegs
node_2,38.2701393,1696250626,InSegs
node_2,-117.1323333,1696250626,OutSegs
node_1,25.323716,1696250626,InSegs
node_1,-89.271877,1696250626,OutSegs
node_3,53.6526397,1696250626,InSegs
node_3,-127.6526377,1696250626,OutSegs
master,509.18046,1696250631,InSegs
master,-671.10746,1696250631,OutSegs
node_2,165.8023374,1696250631,InSegs
node_2,-244.340162,1696250631,OutSegs
node_1,170.363936,1696250631,InSegs
node_1,-229.81578,1696250631,OutSegs
node_3,143.1999864,1696250631,InSegs
node_3,-211.4000178,1696250631,OutSegs
master,75.894242,1696250636,InSegs
master,-147.611296,1696250636,OutSegs
node_2,50.7136957,1696250636,InSegs
node_2,-132.1136917,1696250636,OutSegs
node_1,46.4995354,1696250636,InSegs
node_1,-113.6120414,1696250636,OutSegs
node_3,74.149472,1696250636,InSegs
node_3,-150.073912,1696250636,OutSegs
master,282.30008,1696250641,InSegs
master,-415.989068,1696250641,OutSegs
node_1,145.900456,1696250641,InSegs
node_1,-204.78798,1696250641,OutSegs
node_2,150.6863086,1696250641,InSegs
node_2,-227.08631,1696250641,OutSegs
node_3,123.8505364,1696250641,InSegs
node_3,-195.3260958,1696250641,OutSegs
master,99.966626,1696250646,InSegs
master,-187.589158,1696250646,OutSegs
node_2,67.6423007,1696250646,InSegs
node_2,-146.6814147,1696250646,OutSegs
node_1,102.2447711,1696250646,InSegs
node_1,-165.0567211,1696250646,OutSegs
node_3,159.728112,1696250646,InSegs
node_3,-232.55758,1696250646,OutSegs
master,278.0496,1696250651,InSegs
master,-425.62706,1696250651,OutSegs
node_2,137.6852452,1696250651,InSegs
node_2,-210.8461384,1696250651,OutSegs
node_1,101.0675892,1696250651,InSegs
node_1,-159.2556222,1696250651,OutSegs
node_3,51.166556,1696250651,InSegs
node_3,-122.8844636,1696250651,OutSegs
master,391.686334,1696250656,InSegs
master,-475.015596,1696250656,OutSegs
node_2,142.7267632,1696250656,InSegs
node_2,-224.0765312,1696250656,OutSegs
node_1,141.3886299,1696250656,InSegs
node_1,-206.2601659,1696250656,OutSegs
node_3,192.60467,1696250656,InSegs
node_3,-266.0677092,1696250656,OutSegs
master,1333.57843,1696250661,InSegs
master,-1467.649168,1696250661,OutSegs
node_2,62.9456796,1696250661,InSegs
node_2,-141.1959108,1696250661,OutSegs
node_1,52.2990122,1696250661,InSegs
node_1,-112.6274914,1696250661,OutSegs
node_3,12.500668,1696250661,InSegs
node_3,-84.09027,1696250661,OutSegs
master,166.257212,1696250666,InSegs
master,-271.759872,1696250666,OutSegs
node_1,192.798944,1696250666,InSegs
node_1,-254.336336,1696250666,OutSegs
node_2,223.8856814,1696250666,InSegs
node_2,-300.2047994,1696250666,OutSegs
node_3,191.6513788,1696250666,InSegs
node_3,-265.2407214,1696250666,OutSegs
master,187.492272,1696250671,InSegs
master,-326.389612,1696250671,OutSegs
node_1,25.2129706,1696250671,InSegs
node_1,-89.7130284,1696250671,OutSegs
node_2,35.2420238,1696250671,InSegs
node_2,-112.322908,1696250671,OutSegs
node_3,25.2811212,1696250671,InSegs
node_3,-98.419283,1696250671,OutSegs
master,243.741746,1696250676,InSegs
master,-370.950422,1696250676,OutSegs
node_2,186.77121,1696250676,InSegs
node_2,-267.40893,1696250676,OutSegs
node_1,175.988082,1696250676,InSegs
node_1,-236.950622,1696250676,OutSegs
node_3,176.067496,1696250676,InSegs
node_3,-246.940008,1696250676,OutSegs
master,67.9673976,1696250681,InSegs
master,-168.9587176,1696250681,OutSegs
node_2,9.4340796,1696250681,InSegs
node_2,-88.4518392,1696250681,OutSegs
node_1,45.562124,1696250681,InSegs
node_1,-111.70002,1696250681,OutSegs
node_3,34.368772,1696250681,InSegs
node_3,-107.93722,1696250681,OutSegs
master,298.068328,1696250686,InSegs
master,-425.08276,1696250686,OutSegs
node_2,193.867016,1696250686,InSegs
node_2,-277.411538,1696250686,OutSegs
node_1,152.6378772,1696250686,InSegs
node_1,-211.299976,1696250686,OutSegs
node_3,165.8312244,1696250686,InSegs
node_3,-237.462786,1696250686,OutSegs
master,56.2331048,1696250691,InSegs
master,-149.1883288,1696250691,OutSegs
node_1,87.348788,1696250691,InSegs
node_1,-156.375932,1696250691,OutSegs
node_2,36.809156,1696250691,InSegs
node_2,-117.01362,1696250691,OutSegs
node_3,48.586232,1696250691,InSegs
node_3,-122.83902,1696250691,OutSegs
master,280.44674,1696250696,InSegs
master,-429.9364,1696250696,OutSegs
node_2,212.118393,1696250696,InSegs
node_2,-284.513908,1696250696,OutSegs
node_1,104.763557,1696250696,InSegs
node_1,-159.936416,1696250696,OutSegs
node_3,146.7084832,1696250696,InSegs
node_3,-218.655698,1696250696,OutSegs
master,81.32509,1696250701,InSegs
master,-170.953636,1696250701,OutSegs
node_2,50.5295819,1696250701,InSegs
node_2,-132.0572859,1696250701,OutSegs
node_1,138.6617073,1696250701,InSegs
node_1,-203.6463713,1696250701,OutSegs
node_3,52.7833406,1696250701,InSegs
node_3,-126.6358266,1696250701,OutSegs
master,270.126748,1696250706,InSegs
master,-409.63888,1696250706,OutSegs
node_2,155.3428724,1696250706,InSegs
node_2,-232.615192,1696250706,OutSegs
node_1,59.8259599,1696250706,InSegs
node_1,-121.0412789,1696250706,OutSegs
node_3,156.3219678,1696250706,InSegs
node_3,-226.269488,1696250706,OutSegs
master,125.263876,1696250711,InSegs
master,-223.070536,1696250711,OutSegs
node_2,69.1275502,1696250711,InSegs
node_2,-135.9275522,1696250711,OutSegs
node_1,198.799738,1696250711,InSegs
node_1,-249.737214,1696250711,OutSegs
node_3,53.7473538,1696250711,InSegs
node_3,-127.9473558,1696250711,OutSegs
master,247.4735,1696250716,InSegs
master,-386.26684,1696250716,OutSegs
node_1,25.9493429,1696250716,InSegs
node_1,-90.7359635,1696250716,OutSegs
node_2,144.0724446,1696250716,InSegs
node_2,-221.4724794,1696250716,OutSegs
node_3,161.252648,1696250716,InSegs
node_3,-230.452644,1696250716,OutSegs
master,1525.6498,1696250721,InSegs
master,-1626.67402,1696250721,OutSegs
node_2,169.6122981,1696250721,InSegs
node_2,-223.6287841,1696250721,OutSegs
node_1,198.050902,1696250721,InSegs
node_1,-238.326816,1696250721,OutSegs
node_3,151.31314,1696250721,InSegs
node_3,-223.733072,1696250721,OutSegs
master,206.283616,1696250726,InSegs
master,-336.45926,1696250726,OutSegs
node_2,63.1152456,1696250726,InSegs
node_2,-141.2987426,1696250726,OutSegs
node_1,45.747814,1696250726,InSegs
node_1,-111.11022,1696250726,OutSegs
node_3,58.4342014,1696250726,InSegs
node_3,-129.214256,1696250726,OutSegs
master,204.408132,1696250731,InSegs
master,-306.472794,1696250731,OutSegs
node_2,191.7268673,1696250731,InSegs
node_2,-267.8544873,1696250731,OutSegs
node_1,157.8521952,1696250731,InSegs
node_1,-216.089772,1696250731,OutSegs
node_3,157.3901326,1696250731,InSegs
node_3,-230.9807646,1696250731,OutSegs
master,185.071514,1696250736,InSegs
master,-308.641688,1696250736,OutSegs
node_2,12.9456126,1696250736,InSegs
node_2,-91.217962,1696250736,OutSegs
node_1,86.847782,1696250736,InSegs
node_1,-155.700142,1696250736,OutSegs
node_3,40.0625316,1696250736,InSegs
node_3,-110.871905,1696250736,OutSegs
master,218.065476,1696250741,InSegs
master,-333.850282,1696250741,OutSegs
node_1,105.8645802,1696250741,InSegs
node_1,-165.2121998,1696250741,OutSegs
node_2,200.327616,1696250741,InSegs
node_2,-280.527602,1696250741,OutSegs
node_3,197.15872,1696250741,InSegs
node_3,-269.85348,1696250741,OutSegs
master,165.25025,1696250746,InSegs
master,-270.566038,1696250746,OutSegs
node_2,27.1379267,1696250746,InSegs
node_2,-107.8684899,1696250746,OutSegs
node_1,152.9028689,1696250746,InSegs
node_1,-219.1110829,1696250746,OutSegs
node_3,7.8412862,1696250746,InSegs
node_3,-79.3465216,1696250746,OutSegs
master,269.71022,1696250751,InSegs
master,-401.59927,1696250751,OutSegs
node_2,172.134468,1696250751,InSegs
node_2,-251.003912,1696250751,OutSegs
node_1,43.584788,1696250751,InSegs
node_1,-104.376562,1696250751,OutSegs
node_3,197.400004,1696250751,InSegs
node_3,-269.799978,1696250751,OutSegs
master,123.185174,1696250756,InSegs
master,-229.022548,1696250756,OutSegs
node_2,44.138256,1696250756,InSegs
node_2,-125.52108,1696250756,OutSegs
node_1,181.387086,1696250756,InSegs
node_1,-247.837028,1696250756,OutSegs
node_3,37.67417,1696250756,InSegs
node_3,-111.29578,1696250756,OutSegs
master,315.65347,1696250761,InSegs
master,-462.624302,1696250761,OutSegs
node_2,167.4617344,1696250761,InSegs
node_2,-240.878898,1696250761,OutSegs
node_1,24.3828608,1696250761,InSegs
node_1,-88.8815312,1696250761,OutSegs
node_3,273.5258328,1696250761,InSegs
node_3,-335.904236,1696250761,OutSegs
master,152.9293,1696250766,InSegs
master,-261.850158,1696250766,OutSegs
node_2,53.999992,1696250766,InSegs
node_2,-135.8,1696250766,OutSegs
node_1,165.63004,1696250766,InSegs
node_1,-228.281436,1696250766,OutSegs
node_3,48.417378,1696250766,InSegs
node_3,-122.8597,1696250766,OutSegs
master,218.815166,1696250771,InSegs
master,-346.655662,1696250771,OutSegs
node_2,143.4552934,1696250771,InSegs
node_2,-220.8552798,1696250771,OutSegs
node_1,47.040008,1696250771,InSegs
node_1,-113.3776,1696250771,OutSegs
node_3,159.0772664,1696250771,InSegs
node_3,-229.634912,1696250771,OutSegs
master,179.718424,1696250776,InSegs
master,-266.267432,1696250776,OutSegs
node_2,112.9323199,1696250776,InSegs
node_2,-195.8654519,1696250776,OutSegs
node_1,146.5599824,1696250776,InSegs
node_1,-206.622394,1696250776,OutSegs
node_3,52.6365256,1696250776,InSegs
node_3,-126.2365316,1696250776,OutSegs
master,1558.341318,1696250781,InSegs
master,-1677.0324,1696250781,OutSegs
node_1,78.49338,1696250781,InSegs
node_1,-133.907276,1696250781,OutSegs
node_2,101.6123926,1696250781,InSegs
node_2,-164.079224,1696250781,OutSegs
node_3,147.0688268,1696250781,InSegs
node_3,-218.468846,1696250781,OutSegs
master,165.509094,1696250786,InSegs
master,-268.398032,1696250786,OutSegs
node_1,129.2189728,1696250786,InSegs
node_1,-187.205057,1696250786,OutSegs
node_2,144.829598,1696250786,InSegs
node_2,-222.207886,1696250786,OutSegs
node_3,65.894866,1696250786,InSegs
node_3,-141.623398,1696250786,OutSegs
master,232.774612,1696250791,InSegs
master,-365.25144,1696250791,OutSegs
node_2,62.5703975,1696250791,InSegs
node_2,-139.7921155,1696250791,OutSegs
node_1,147.0643148,1696250791,InSegs
node_1,-211.6361588,1696250791,OutSegs
node_3,207.3051342,1696250791,InSegs
node_3,-274.976605,1696250791,OutSegs
master,185.335934,1696250796,InSegs
master,-292.988384,1696250796,OutSegs
node_1,58.2233263,1696250796,InSegs
node_1,-119.0515113,1696250796,OutSegs
node_2,194.59494,1696250796,InSegs
node_2,-272.02904,1696250796,OutSegs
node_3,154.517044,1696250796,InSegs
node_3,-227.441656,1696250796,OutSegs
master,269.696458,1696250801,InSegs
master,-408.37328,1696250801,OutSegs
node_2,14.5327982,1696250801,InSegs
node_2,-90.098708,1696250801,OutSegs
node_1,197.31239,1696250801,InSegs
node_1,-256.712374,1696250801,OutSegs
node_3,52.0302807,1696250801,InSegs
node_3,-124.3056781,1696250801,OutSegs
master,157.34124,1696250806,InSegs
master,-259.75089,1696250806,OutSegs
node_2,185.19982,1696250806,InSegs
node_2,-266.999806,1696250806,OutSegs
node_1,25.8662155,1696250806,InSegs
node_1,-91.7520409,1696250806,OutSegs
node_3,181.859736,1696250806,InSegs
node_3,-254.555472,1696250806,OutSegs
master,226.189966,1696250811,InSegs
master,-351.780342,1696250811,OutSegs
node_2,26.8186962,1696250811,InSegs
node_2,-107.677421,1696250811,OutSegs
node_1,162.7337522,1696250811,InSegs
node_1,-225.447938,1696250811,OutSegs
node_3,20.7929396,1696250811,InSegs
node_3,-92.2972136,1696250811,OutSegs
master,181.32078,1696250816,InSegs
master,-290.356012,1696250816,OutSegs
node_2,168.30884,1696250816,InSegs
node_2,-246.977654,1696250816,OutSegs
node_1,49.7128989,1696250816,InSegs
node_1,-115.4254049,1696250816,OutSegs
node_3,186.0213204,1696250816,InSegs
node_3,-259.0634384,1696250816,OutSegs
master,161.102296,1696250821,InSegs
master,-274.737742,1696250821,OutSegs
node_2,47.881608,1696250821,InSegs
node_2,-127.2090851,1696250821,OutSegs
node_1,147.3747544,1696250821,InSegs
node_1,-203.262256,1696250821,OutSegs
node_3,28.8177302,1696250821,InSegs
node_3,-102.5429438,1696250821,OutSegs
master,232.033084,1696250826,InSegs
master,-348.640536,1696250826,OutSegs
node_2,157.4633078,1696250826,InSegs
node_2,-235.20826,1696250826,OutSegs
node_1,114.768334,1696250826,InSegs
node_1,-180.855732,1696250826,OutSegs
node_3,177.960956,1696250826,InSegs
node_3,-248.593616,1696250826,OutSegs
master,140.435782,1696250831,InSegs
master,-248.268616,1696250831,OutSegs
node_2,54.32772,1696250831,InSegs
node_2,-135.72772,1696250831,OutSegs
node_1,76.144029,1696250831,InSegs
node_1,-138.05664,1696250831,OutSegs
node_3,41.785344,1696250831,InSegs
node_3,-115.3541,1696250831,OutSegs
master,265.802972,1696250836,InSegs
master,-383.021334,1696250836,OutSegs
node_2,152.2722754,1696250836,InSegs
node_2,-225.8723,1696250836,OutSegs
node_1,179.7364409,1696250836,InSegs
node_1,-243.2867989,1696250836,OutSegs
node_3,165.2146588,1696250836,InSegs
node_3,-240.245912,1696250836,OutSegs
master,1504.228306,1696250841,InSegs
master,-1606.6161,1696250841,OutSegs
node_2,103.62365,1696250841,InSegs
node_2,-185.013842,1696250841,OutSegs
node_1,19.9511836,1696250841,InSegs
node_1,-81.8008294,1696250841,OutSegs
node_3,52.532038,1696250841,InSegs
node_3,-126.33202,1696250841,OutSegs
master,277.170402,1696250846,InSegs
master,-397.828818,1696250846,OutSegs
node_2,115.103914,1696250846,InSegs
node_2,-188.91375,1696250846,OutSegs
node_1,196.51239,1696250846,InSegs
node_1,-260.312386,1696250846,OutSegs
node_3,144.6152992,1696250846,InSegs
node_3,-215.215286,1696250846,OutSegs
master,105.565262,1696250851,InSegs
master,-200.518888,1696250851,OutSegs
node_2,55.2724125,1696250851,InSegs
node_2,-136.0724139,1696250851,OutSegs
node_1,26.9713753,1696250851,InSegs
node_1,-91.7442879,1696250851,OutSegs
node_3,53.6526734,1696250851,InSegs
node_3,-128.2526734,1696250851,OutSegs
master,291.04006,1696250856,InSegs
master,-416.646202,1696250856,OutSegs
node_2,149.3999964,1696250856,InSegs
node_2,-224.2,1696250856,OutSegs
node_1,169.5162422,1696250856,InSegs
node_1,-226.143338,1696250856,OutSegs
node_3,155.6000116,1696250856,InSegs
node_3,-224.8000208,1696250856,OutSegs
master,88.279156,1696250861,InSegs
master,-175.343784,1696250861,OutSegs
node_2,74.078634,1696250861,InSegs
node_2,-153.171884,1696250861,OutSegs
node_1,53.0257512,1696250861,InSegs
node_1,-115.9382692,1696250861,OutSegs
node_3,152.30895,1696250861,InSegs
node_3,-225.866316,1696250861,OutSegs
master,272.769612,1696250866,InSegs
master,-415.64032,1696250866,OutSegs
node_2,128.5213686,1696250866,InSegs
node_2,-201.2281088,1696250866,OutSegs
node_1,144.974258,1696250866,InSegs
node_1,-205.861738,1696250866,OutSegs
node_3,48.8910528,1696250866,InSegs
node_3,-121.3336984,1696250866,OutSegs
master,79.8743206,1696250871,InSegs
master,-165.5794226,1696250871,OutSegs
node_2,140.611494,1696250871,InSegs
node_2,-220.662,1696250871,OutSegs
node_1,113.3847333,1696250871,InSegs
node_1,-178.2959173,1696250871,OutSegs
node_3,184.782964,1696250871,InSegs
node_3,-258.5195,1696250871,OutSegs
master,270.85291,1696250876,InSegs
master,-420.94782,1696250876,OutSegs
node_2,68.1160924,1696250876,InSegs
node_2,-144.865586,1696250876,OutSegs
node_1,84.1276096,1696250876,InSegs
node_1,-142.416446,1696250876,OutSegs
node_3,15.511697,1696250876,InSegs
node_3,-86.322458,1696250876,OutSegs
master,151.1021868,1696250881,InSegs
master,-245.7828218,1696250881,OutSegs
node_1,172.5416708,1696250881,InSegs
node_1,-233.5923008,1696250881,OutSegs
node_2,175.3254947,1696250881,InSegs
node_2,-254.4101727,1696250881,OutSegs
node_3,193.73199,1696250881,InSegs
node_3,-267.61567,1696250881,OutSegs
master,180.9624116,1696250886,InSegs
master,-323.14645,1696250886,OutSegs
node_2,23.1469162,1696250886,InSegs
node_2,-98.662252,1696250886,OutSegs
node_1,21.1459868,1696250886,InSegs
node_1,-80.895344,1696250886,OutSegs
node_3,26.7262332,1696250886,InSegs
node_3,-100.71581,1696250886,OutSegs
master,205.443768,1696250891,InSegs
master,-318.667366,1696250891,OutSegs
node_1,187.912438,1696250891,InSegs
node_1,-252.512424,1696250891,OutSegs
node_2,192.07896,1696250891,InSegs
node_2,-272.84138,1696250891,OutSegs
node_3,183.394484,1696250891,InSegs
node_3,-254.973864,1696250891,OutSegs
master,934.679394,1696250896,InSegs
master,-1049.791184,1696250896,OutSegs
node_2,37.521038,1696250896,InSegs
node_2,-91.558614,1696250896,OutSegs
node_1,46.6386292,1696250896,InSegs
node_1,-89.2746192,1696250896,OutSegs
node_3,41.9843623,1696250896,InSegs
node_3,-115.5004543,1696250896,OutSegs
master,817.59022,1696250901,InSegs
master,-935.59614,1696250901,OutSegs
node_2,135.471935,1696250901,InSegs
node_2,-215.33954,1696250901,OutSegs
node_1,166.2489174,1696250901,InSegs
node_1,-228.41293,1696250901,OutSegs
node_3,165.6682986,1696250901,InSegs
node_3,-236.552196,1696250901,OutSegs
master,111.690832,1696250906,InSegs
master,-222.989822,1696250906,OutSegs
node_2,63.8556248,1696250906,InSegs
node_2,-138.98801,1696250906,OutSegs
node_1,49.585806,1696250906,InSegs
node_1,-113.61076,1696250906,OutSegs
node_3,52.28134,1696250906,InSegs
node_3,-126.88132,1696250906,OutSegs
master,246.089206,1696250911,InSegs
master,-374.03664,1696250911,OutSegs
node_2,207.85617,1696250911,InSegs
node_2,-288.14563,1696250911,OutSegs
node_1,155.8141964,1696250911,InSegs
node_1,-214.189254,1696250911,OutSegs
node_3,154.3186684,1696250911,InSegs
node_3,-221.318664,1696250911,OutSegs
master,138.643312,1696250916,InSegs
master,-248.160218,1696250916,OutSegs
node_2,16.8162712,1696250916,InSegs
node_2,-95.1268106,1696250916,OutSegs
node_1,105.6981,1696250916,InSegs
node_1,-172.010682,1696250916,OutSegs
node_3,62.466404,1696250916,InSegs
node_3,-137.152082,1696250916,OutSegs
master,256.164658,1696250921,InSegs
master,-387.68213,1696250921,OutSegs
node_2,191.4125408,1696250921,InSegs
node_2,-269.0508008,1696250921,OutSegs
node_1,86.2142428,1696250921,InSegs
node_1,-145.301658,1696250921,OutSegs
node_3,150.028259,1696250921,InSegs
node_3,-221.4898912,1696250921,OutSegs
master,115.500102,1696250926,InSegs
master,-206.34854,1696250926,OutSegs
node_2,23.162523,1696250926,InSegs
node_2,-102.1997176,1696250926,OutSegs
node_1,179.4330441,1696250926,InSegs
node_1,-241.6212181,1696250926,OutSegs
node_3,158.9649523,1696250926,InSegs
node_3,-232.7225254,1696250926,OutSegs
master,249.865202,1696250931,InSegs
master,-387.068,1696250931,OutSegs
node_2,185.224928,1696250931,InSegs
node_2,-264.349468,1696250931,OutSegs
node_1,24.654602,1696250931,InSegs
node_1,-87.666422,1696250931,OutSegs
node_3,54.3403954,1696250931,InSegs
node_3,-126.235504,1696250931,OutSegs
master,176.600642,1696250936,InSegs
master,-284.026932,1696250936,OutSegs
node_2,32.6800346,1696250936,InSegs
node_2,-113.59724,1696250936,OutSegs
node_1,192.272686,1696250936,InSegs
node_1,-255.122276,1696250936,OutSegs
node_3,203.6982614,1696250936,InSegs
node_3,-277.4456736,1696250936,OutSegs
master,263.265174,1696250941,InSegs
master,-397.807564,1696250941,OutSegs
node_2,177.447492,1696250941,InSegs
node_2,-253.730292,1696250941,OutSegs
node_1,28.2320254,1696250941,InSegs
node_1,-93.730416,1696250941,OutSegs
node_3,12.301726,1696250941,InSegs
node_3,-83.354324,1696250941,OutSegs
master,191.262632,1696250946,InSegs
master,-305.176806,1696250946,OutSegs
node_2,37.6078256,1696250946,InSegs
node_2,-117.6668836,1696250946,OutSegs
node_1,168.2076252,1696250946,InSegs
node_1,-229.05964,1696250946,OutSegs
node_3,196.441264,1696250946,InSegs
node_3,-270.230568,1696250946,OutSegs
master,170.447338,1696250951,InSegs
master,-279.691016,1696250951,OutSegs
node_2,166.6473598,1696250951,InSegs
node_2,-245.515888,1696250951,OutSegs
node_1,47.4927718,1696250951,InSegs
node_1,-113.4927738,1696250951,OutSegs
node_3,28.7011284,1696250951,InSegs
node_3,-101.58517,1696250951,OutSegs
master,530.020758,1696250956,InSegs
master,-632.004752,1696250956,OutSegs
node_2,46.8371267,1696250956,InSegs
node_2,-127.2923862,1696250956,OutSegs
node_1,152.3948716,1696250956,InSegs
node_1,-212.994892,1696250956,OutSegs
node_3,177.204948,1696250956,InSegs
node_3,-249.131564,1696250956,OutSegs
master,1249.23242,1696250961,InSegs
master,-1358.666622,1696250961,OutSegs
node_2,190.980139,1696250961,InSegs
node_2,-268.797336,1696250961,OutSegs
node_1,107.694032,1696250961,InSegs
node_1,-173.606222,1696250961,OutSegs
node_3,41.2503358,1696250961,InSegs
node_3,-114.7139858,1696250961,OutSegs
master,214.756556,1696250966,InSegs
master,-318.427276,1696250966,OutSegs
node_1,81.0183049,1696250966,InSegs
node_1,-141.7061179,1696250966,OutSegs
node_2,50.577384,1696250966,InSegs
node_2,-131.90494,1696250966,OutSegs
node_3,163.2442858,1696250966,InSegs
node_3,-237.980624,1696250966,OutSegs
master,198.117732,1696250971,InSegs
master,-305.804214,1696250971,OutSegs
node_2,162.022607,1696250971,InSegs
node_2,-239.095068,1696250971,OutSegs
node_1,181.316667,1696250971,InSegs
node_1,-243.392365,1696250971,OutSegs
node_3,52.3251658,1696250971,InSegs
node_3,-126.5778278,1696250971,OutSegs
master,200.002004,1696250976,InSegs
master,-319.003074,1696250976,OutSegs
node_2,54,1696250976,InSegs
node_2,-135.59999,1696250976,OutSegs
node_1,15.170978,1696250976,InSegs
node_1,-78.295288,1696250976,OutSegs
node_3,150.1275514,1696250976,InSegs
node_3,-223.8748708,1696250976,OutSegs
master,186.941076,1696250981,InSegs
master,-310.846372,1696250981,OutSegs
node_1,196.912322,1696250981,InSegs
node_1,-258.51234,1696250981,OutSegs
node_2,149.2551392,1696250981,InSegs
node_2,-224.45514,1696250981,OutSegs
node_3,49.3059978,1696250981,InSegs
node_3,-124.0007478,1696250981,OutSegs
master,180.629186,1696250986,InSegs
master,-288.341642,1696250986,OutSegs
node_1,27.1775789,1696250986,InSegs
node_1,-89.5527869,1696250986,OutSegs
node_2,56.5448649,1696250986,InSegs
node_2,-135.5448609,1696250986,OutSegs
node_3,155.599372,1696250986,InSegs
node_3,-226.504628,1696250986,OutSegs
master,225.39496,1696250991,InSegs
master,-347.576366,1696250991,OutSegs
node_2,147.1999884,1696250991,InSegs
node_2,-223.4000076,1696250991,OutSegs
node_1,165.9101,1696250991,InSegs
node_1,-229.334888,1696250991,OutSegs
node_3,53.8000052,1696250991,InSegs
node_3,-128.2,1696250991,OutSegs
master,160.240786,1696250996,InSegs
master,-265.600562,1696250996,OutSegs
node_2,140.025088,1696250996,InSegs
node_2,-218.915512,1696250996,OutSegs
node_1,46.138266,1696250996,InSegs
node_1,-109.56328,1696250996,OutSegs
node_3,151.747328,1696250996,InSegs
node_3,-221.34736,1696250996,OutSegs
master,225.950398,1696251001,InSegs
master,-352.867666,1696251001,OutSegs
node_2,67.1749114,1696251001,InSegs
node_2,-144.0844916,1696251001,OutSegs
node_1,154.8617402,1696251001,InSegs
node_1,-213.836716,1696251001,OutSegs
node_3,53.4526576,1696251001,InSegs
node_3,-127.6526656,1696251001,OutSegs
master,131.389546,1696251006,InSegs
master,-231.712604,1696251006,OutSegs
node_2,149.95219,1696251006,InSegs
node_2,-232.366656,1696251006,OutSegs
node_1,72.430924,1696251006,InSegs
node_1,-140.464862,1696251006,OutSegs
node_3,146.6000018,1696251006,InSegs
node_3,-216.799999,1696251006,OutSegs
master,242.729024,1696251011,InSegs
master,-371.20342,1696251011,OutSegs
node_1,124.681413,1696251011,InSegs
node_1,-180.6474694,1696251011,OutSegs
node_2,62.1753398,1696251011,InSegs
node_2,-139.960878,1696251011,OutSegs
node_3,150.248574,1696251011,InSegs
node_3,-222.82456,1696251011,OutSegs
master,182.033174,1696251016,InSegs
master,-291.681474,1696251016,OutSegs
node_2,187.428798,1696251016,InSegs
node_2,-267.028796,1696251016,OutSegs
node_1,132.3824458,1696251016,InSegs
node_1,-196.8669858,1696251016,OutSegs
node_3,54.751444,1696251016,InSegs
node_3,-125.375434,1696251016,OutSegs
master,1537.926202,1696251021,InSegs
master,-1657.16326,1696251021,OutSegs
node_2,8.2436702,1696251021,InSegs
node_2,-86.243666,1696251021,OutSegs
node_1,58.9052062,1696251021,InSegs
node_1,-118.8206644,1696251021,OutSegs
node_3,152.584156,1696251021,InSegs
node_3,-225.70885,1696251021,OutSegs
master,220.694618,1696251026,InSegs
master,-341.550626,1696251026,OutSegs
node_2,208.527628,1696251026,InSegs
node_2,-287.52764,1696251026,OutSegs
node_1,190.611582,1696251026,InSegs
node_1,-253.861444,1696251026,OutSegs
node_3,46.1631828,1696251026,InSegs
node_3,-117.8384912,1696251026,OutSegs
master,140.985816,1696251031,InSegs
master,-245.240582,1696251031,OutSegs
node_2,27.0053701,1696251031,InSegs
node_2,-105.0820301,1696251031,OutSegs
node_1,25.3872333,1696251031,InSegs
node_1,-89.2614865,1696251031,OutSegs
node_3,193.1188086,1696251031,InSegs
node_3,-268.7615484,1696251031,OutSegs
master,281.805796,1696251036,InSegs
master,-421.624244,1696251036,OutSegs
node_2,195.467012,1696251036,InSegs
node_2,-274.790334,1696251036,OutSegs
node_1,171.801178,1696251036,InSegs
node_1,-232.87707,1696251036,OutSegs
node_3,10.5338453,1696251036,InSegs
node_3,-82.6911173,1696251036,OutSegs
master,117.62058,1696251041,InSegs
master,-223.287866,1696251041,OutSegs
node_2,31.55574,1696251041,InSegs
node_2,-111.01576,1696251041,OutSegs
node_1,44.224146,1696251041,InSegs
node_1,-109.76164,1696251041,OutSegs
node_3,187.769398,1696251041,InSegs
node_3,-262.0116,1696251041,OutSegs
master,250.571874,1696251046,InSegs
master,-374.817742,1696251046,OutSegs
node_2,179.844268,1696251046,InSegs
node_2,-254.784234,1696251046,OutSegs
node_1,162.2881968,1696251046,InSegs
node_1,-223.950736,1696251046,OutSegs
node_3,27.001474,1696251046,InSegs
node_3,-100.0850622,1696251046,OutSegs
master,146.17633,1696251051,InSegs
master,-249.216834,1696251051,OutSegs
node_2,47.687608,1696251051,InSegs
node_2,-127.39788,1696251051,OutSegs
node_1,75.9725125,1696251051,InSegs
node_1,-142.5491805,1696251051,OutSegs
node_3,179.576462,1696251051,InSegs
node_3,-251.850668,1696251051,OutSegs
master,215.700254,1696251056,InSegs
master,-344.352758,1696251056,OutSegs
node_1,119.0274866,1696251056,InSegs
node_1,-174.450847,1696251056,OutSegs
node_2,160.9675358,1696251056,InSegs
node_2,-237.457256,1696251056,OutSegs
node_3,41.3364827,1696251056,InSegs
node_3,-115.4528167,1696251056,OutSegs
master,181.044398,1696251061,InSegs
master,-282.678812,1696251061,OutSegs
node_2,57.1448563,1696251061,InSegs
node_2,-136.3448563,1696251061,OutSegs
node_1,143.8742146,1696251061,InSegs
node_1,-206.8344466,1696251061,OutSegs
node_3,164.5161794,1696251061,InSegs
node_3,-235.799832,1696251061,OutSegs
master,196.386706,1696251066,InSegs
master,-317.13408,1696251066,OutSegs
node_2,151.7999966,1696251066,InSegs
node_2,-228.9999944,1696251066,OutSegs
node_1,61.4134138,1696251066,InSegs
node_1,-121.8531938,1696251066,OutSegs
node_3,49.83041,1696251066,InSegs
node_3,-124.77796,1696251066,OutSegs
master,198.053406,1696251071,InSegs
master,-309.293696,1696251071,OutSegs
node_2,111.081752,1696251071,InSegs
node_2,-194.684162,1696251071,OutSegs
node_1,179.47486,1696251071,InSegs
node_1,-242.524848,1696251071,OutSegs
node_3,145.1169084,1696251071,InSegs
node_3,-216.96934,1696251071,OutSegs
master,155.267502,1696251076,InSegs
master,-266.0151,1696251076,OutSegs
node_2,93.5182602,1696251076,InSegs
node_2,-168.3158256,1696251076,OutSegs
node_1,23.3797804,1696251076,InSegs
node_1,-86.7409322,1696251076,OutSegs
node_3,53.052676,1696251076,InSegs
node_3,-127.65268,1696251076,OutSegs
master,1616.41716,1696251081,InSegs
master,-1735.86688,1696251081,OutSegs
node_2,134.594062,1696251081,InSegs
node_2,-216.01118,1696251081,OutSegs
node_1,180.345334,1696251081,InSegs
node_1,-243.334206,1696251081,OutSegs
node_3,152.1999888,1696251081,InSegs
node_3,-222.199998,1696251081,OutSegs
master,123.821662,1696251086,InSegs
master,-229.396118,1696251086,OutSegs
node_2,57.3334813,1696251086,InSegs
node_2,-136.8439303,1696251086,OutSegs
node_1,32.8352245,1696251086,InSegs
node_1,-98.3851105,1696251086,OutSegs
node_3,108.833088,1696251086,InSegs
node_3,-184.85632,1696251086,OutSegs
master,266.402964,1696251091,InSegs
master,-393.91389,1696251091,OutSegs
node_1,171.5647704,1696251091,InSegs
node_1,-231.814894,1696251091,OutSegs
node_2,192.834136,1696251091,InSegs
node_2,-271.906574,1696251091,OutSegs
node_3,96.3669086,1696251091,InSegs
node_3,-163.7436648,1696251091,OutSegs
master,136.425934,1696251096,InSegs
master,-243.831598,1696251096,OutSegs
node_1,53,1696251096,InSegs
node_1,-119.6,1696251096,OutSegs
node_2,10.838338,1696251096,InSegs
node_2,-89.8383372,1696251096,OutSegs
node_3,149.66906,1696251096,InSegs
node_3,-222.15147,1696251096,OutSegs
master,241.169584,1696251101,InSegs
master,-372.74006,1696251101,OutSegs
node_2,187.405828,1696251101,InSegs
node_2,-265.915982,1696251101,OutSegs
node_1,136.1123354,1696251101,InSegs
node_1,-199.712358,1696251101,OutSegs
node_3,49.025626,1696251101,InSegs
node_3,-120.6905554,1696251101,OutSegs
master,105.58702,1696251106,InSegs
master,-196.83527,1696251106,OutSegs
node_1,129.1434504,1696251106,InSegs
node_1,-192.3046004,1696251106,OutSegs
node_2,30.7305602,1696251106,InSegs
node_2,-109.8784016,1696251106,OutSegs
node_3,183.7328551,1696251106,InSegs
node_3,-258.6905186,1696251106,OutSegs
master,286.943186,1696251111,InSegs
master,-422.302578,1696251111,OutSegs
node_1,70.9442037,1696251111,InSegs
node_1,-131.7830371,1696251111,OutSegs
node_2,177.863614,1696251111,InSegs
node_2,-255.005628,1696251111,OutSegs
node_3,22.9724307,1696251111,InSegs
node_3,-95.4674525,1696251111,OutSegs
master,136.331622,1696251116,InSegs
master,-237.432676,1696251116,OutSegs
node_2,46.745896,1696251116,InSegs
node_2,-127.32868,1696251116,OutSegs
node_1,188.3351616,1696251116,InSegs
node_1,-253.2476012,1696251116,OutSegs
node_3,194.698538,1696251116,InSegs
node_3,-268.29854,1696251116,OutSegs
master,222.593638,1696251121,InSegs
master,-349.53324,1696251121,OutSegs
node_2,162.2540912,1696251121,InSegs
node_2,-238.271302,1696251121,OutSegs
node_1,18.3002272,1696251121,InSegs
node_1,-81.975082,1696251121,OutSegs
node_3,9.977174,1696251121,InSegs
node_3,-81.924738,1696251121,OutSegs
master,194.269432,1696251126,InSegs
master,-304.217478,1696251126,OutSegs
node_1,207.364624,1696251126,InSegs
node_1,-250.177326,1696251126,OutSegs
node_3,201.724268,1696251126,InSegs
node_3,-276.37672,1696251126,OutSegs
node_2,74.8,1696251126,InSegs
node_2,-135.8,1696251126,OutSegs
master,163.520022,1696251131,InSegs
master,-277.507346,1696251131,OutSegs
node_2,129.1999988,1696251131,InSegs
node_2,-130.7265318,1696251131,OutSegs
node_1,32.955288,1696251131,InSegs
node_1,-98.39304,1696251131,OutSegs
node_3,32.439822,1696251131,InSegs
node_3,-105.71282,1696251131,OutSegs
master,250.572668,1696251136,InSegs
master,-375.061378,1696251136,OutSegs
node_1,172.4447046,1696251136,InSegs
node_1,-231.206956,1696251136,OutSegs
node_2,81.77513,1696251136,InSegs
node_2,-241.1975852,1696251136,OutSegs
node_3,162.9601836,1696251136,InSegs
node_3,-233.8871674,1696251136,OutSegs
master,1500.183462,1696251141,InSegs
master,-1613.536032,1696251141,OutSegs
node_2,140.8248644,1696251141,InSegs
node_2,-214.675888,1696251141,OutSegs
node_1,53.3999994,1696251141,InSegs
node_1,-119.5999984,1696251141,OutSegs
node_3,48.54321,1696251141,InSegs
node_3,-122.7852,1696251141,OutSegs
master,247.185306,1696251146,InSegs
master,-371.343972,1696251146,OutSegs
node_2,136.78246,1696251146,InSegs
node_2,-216.083414,1696251146,OutSegs
node_1,142.512314,1696251146,InSegs
node_1,-203.312322,1696251146,OutSegs
node_3,159.751471,1696251146,InSegs
node_3,-231.656858,1696251146,OutSegs
master,152.144462,1696251151,InSegs
master,-262.179022,1696251151,OutSegs
node_2,66.0175504,1696251151,InSegs
node_2,-144.1165994,1696251151,OutSegs
node_1,129.2216624,1696251151,InSegs
node_1,-193.0065026,1696251151,OutSegs
node_3,53.1053197,1696251151,InSegs
node_3,-127.9579695,1696251151,OutSegs
master,226.661716,1696251156,InSegs
master,-353.47206,1696251156,OutSegs
node_1,70.2660214,1696251156,InSegs
node_1,-131.8811842,1696251156,OutSegs
node_2,196.9343,1696251156,InSegs
node_2,-275.5001,1696251156,OutSegs
node_3,142.399992,1696251156,InSegs
node_3,-214.6000034,1696251156,OutSegs
master,158.887792,1696251161,InSegs
master,-264.939616,1696251161,OutSegs
node_1,189.06044,1696251161,InSegs
node_1,-250.43552,1696251161,OutSegs
node_2,11.3934356,1696251161,InSegs
node_2,-90.02764,1696251161,OutSegs
node_3,114.130122,1696251161,InSegs
node_3,-187.4044,1696251161,OutSegs
master,219.3424,1696251166,InSegs
master,-352.28538,1696251166,OutSegs
node_2,190.872284,1696251166,InSegs
node_2,-266.472292,1696251166,OutSegs
node_1,14.06433,1696251166,InSegs
node_1,-76.001752,1696251166,OutSegs
node_3,87.0698866,1696251166,InSegs
node_3,-157.195591,1696251166,OutSegs
master,147.623362,1696251171,InSegs
master,-256.124574,1696251171,OutSegs
node_2,27.5306472,1696251171,InSegs
node_2,-108.40668,1696251171,OutSegs
node_1,186.587574,1696251171,InSegs
node_1,-250.475096,1696251171,OutSegs
node_3,159.1149979,1696251171,InSegs
node_3,-232.6506779,1696251171,OutSegs
master,347.547014,1696251176,InSegs
master,-491.214686,1696251176,OutSegs
node_2,215.92443,1696251176,InSegs
node_2,-292.848416,1696251176,OutSegs
node_1,30.7729391,1696251176,InSegs
node_1,-96.5228255,1696251176,OutSegs
node_3,43.4323519,1696251176,InSegs
node_3,-114.4966731,1696251176,OutSegs
master,334.90996,1696251181,InSegs
master,-462.49918,1696251181,OutSegs
node_1,163.027046,1696251181,InSegs
node_1,-226.277144,1696251181,OutSegs
node_2,46.4368131,1696251181,InSegs
node_2,-127.3472431,1696251181,OutSegs
node_3,198.526594,1696251181,InSegs
node_3,-272.663472,1696251181,OutSegs
master,192.600788,1696251186,InSegs
master,-311.51445,1696251186,OutSegs
node_2,166.3081012,1696251186,InSegs
node_2,-245.797684,1696251186,OutSegs
node_1,51.8753273,1696251186,InSegs
node_1,-119.1628033,1696251186,OutSegs
node_3,7.8015698,1696251186,InSegs
node_3,-79.8122298,1696251186,OutSegs
master,242.14374,1696251191,InSegs
master,-373.51142,1696251191,OutSegs
node_2,52.531864,1696251191,InSegs
node_2,-134.93188,1696251191,OutSegs
node_1,148.9247012,1696251191,InSegs
node_1,-206.637232,1696251191,OutSegs
node_3,198.1665652,1696251191,InSegs
node_3,-269.766336,1696251191,OutSegs
master,1397.4024,1696251196,InSegs
master,-1516.9233,1696251196,OutSegs
node_1,132.2974948,1696251196,InSegs
node_1,-192.5317588,1696251196,OutSegs
node_2,156.8681466,1696251196,InSegs
node_2,-227.068122,1696251196,OutSegs
node_3,33.7571535,1696251196,InSegs
node_3,-107.3262433,1696251196,OutSegs
master,429.271154,1696251201,InSegs
master,-564.04712,1696251201,OutSegs
node_1,73.9901263,1696251201,InSegs
node_1,-132.9558633,1696251201,OutSegs
node_2,57.8,1696251201,InSegs
node_2,-136.199994,1696251201,OutSegs
node_3,174.4007994,1696251201,InSegs
node_3,-243.884332,1696251201,OutSegs
master,182.45417,1696251206,InSegs
master,-290.266182,1696251206,OutSegs
node_1,197.206004,1696251206,InSegs
node_1,-259.794566,1696251206,OutSegs
node_2,163.5275334,1696251206,InSegs
node_2,-240.72753,1696251206,OutSegs
node_3,47.146834,1696251206,InSegs
node_3,-121.44156,1696251206,OutSegs
